Politician,Redirect
Adamczyk Andrzej,https://www.sejm.gov.pl/Sejm9.nsf/wypowiedzi.xsp?view=5&mowca=Adamczyk%20Andrzej
Adamczyk Rafał,https://www.sejm.gov.pl/Sejm9.nsf/wypowiedzi.xsp?view=5&mowca=Adamczyk%20Rafa%C5%82
Adamowicz Piotr,https://www.sejm.gov.pl/Sejm9.nsf/wypowiedzi.xsp?view=5&mowca=Adamowicz%20Piotr
Ajchler Romuald,https://www.sejm.gov.pl/Sejm9.nsf/wypowiedzi.xsp?view=5&mowca=Ajchler%20Romuald&page=1
Ajchler Romuald,https://www.sejm.gov.pl/Sejm9.nsf/wypowiedzi.xsp?view=5&mowca=Ajchler%20Romuald&page=2
Andruszkiewicz Adam,https://www.sejm.gov.pl/Sejm9.nsf/wypowiedzi.xsp?view=5&mowca=Andruszkiewicz%20Adam
Andzel Waldemar,https://www.sejm.gov.pl/Sejm9.nsf/wypowiedzi.xsp?view=5&mowca=Andzel%20Waldemar&page=1
Andzel Waldemar,https://www.sejm.gov.pl/Sejm9.nsf/wypowiedzi.xsp?view=5&mowca=Andzel%20Waldemar&page=2
Aniśko Tomasz,https://www.sejm.gov.pl/Sejm9.nsf/wypowiedzi.xsp?view=5&mowca=Ani%C5%9Bko%20Tomasz
Ardanowski Jan Krzysztof,https://www.sejm.gov.pl/Sejm9.nsf/wypowiedzi.xsp?view=5&mowca=Ardanowski%20Jan%20Krzysztof
Arent Iwona,https://www.sejm.gov.pl/Sejm9.nsf/wypowiedzi.xsp?view=5&mowca=Arent%20Iwona
Ast Marek,https://www.sejm.gov.pl/Sejm9.nsf/wypowiedzi.xsp?view=5&mowca=Ast%20Marek
Augustyn Urszula,https://www.sejm.gov.pl/Sejm9.nsf/wypowiedzi.xsp?view=5&mowca=Augustyn%20Urszula
Aziewicz Tadeusz,https://www.sejm.gov.pl/Sejm9.nsf/wypowiedzi.xsp?view=5&mowca=Aziewicz%20Tadeusz
Babalski Zbigniew,https://www.sejm.gov.pl/Sejm9.nsf/wypowiedzi.xsp?view=5&mowca=Babalski%20Zbigniew
Babinetz Piotr,https://www.sejm.gov.pl/Sejm9.nsf/wypowiedzi.xsp?view=5&mowca=Babinetz%20Piotr
Banaś Marian,https://www.sejm.gov.pl/Sejm9.nsf/wypowiedzi.xsp?view=5&mowca=Bana%C5%9B%20Marian
Bartosik Ryszard,https://www.sejm.gov.pl/Sejm9.nsf/wypowiedzi.xsp?view=5&mowca=Bartosik%20Ryszard
Bartoszewski Władysław Teofil,https://www.sejm.gov.pl/Sejm9.nsf/wypowiedzi.xsp?view=5&mowca=Bartoszewski%20W%C5%82adys%C5%82aw%20Teofil
Bartuś Barbara,https://www.sejm.gov.pl/Sejm9.nsf/wypowiedzi.xsp?view=5&mowca=Bartu%C5%9B%20Barbara&page=1
Bartuś Barbara,https://www.sejm.gov.pl/Sejm9.nsf/wypowiedzi.xsp?view=5&mowca=Bartu%C5%9B%20Barbara&page=2
Bąk Dariusz,https://www.sejm.gov.pl/Sejm9.nsf/wypowiedzi.xsp?view=5&mowca=B%C4%85k%20Dariusz
Bąkiewicz Robert,https://www.sejm.gov.pl/Sejm9.nsf/wypowiedzi.xsp?view=5&mowca=B%C4%85kiewicz%20Robert
Bejda Paweł,https://www.sejm.gov.pl/Sejm9.nsf/wypowiedzi.xsp?view=5&mowca=Bejda%20Pawe%C5%82
Berkowicz Konrad,https://www.sejm.gov.pl/Sejm9.nsf/wypowiedzi.xsp?view=5&mowca=Berkowicz%20Konrad&page=1
Berkowicz Konrad,https://www.sejm.gov.pl/Sejm9.nsf/wypowiedzi.xsp?view=5&mowca=Berkowicz%20Konrad&page=2
Bernacki Włodzimierz,https://www.sejm.gov.pl/Sejm9.nsf/wypowiedzi.xsp?view=5&mowca=Bernacki%20W%C5%82odzimierz
Białkowski Jan,https://www.sejm.gov.pl/Sejm9.nsf/wypowiedzi.xsp?view=5&mowca=Bia%C5%82kowski%20Jan
Biejat Magdalena,https://www.sejm.gov.pl/Sejm9.nsf/wypowiedzi.xsp?view=5&mowca=Biejat%20Magdalena&page=1
Biejat Magdalena,https://www.sejm.gov.pl/Sejm9.nsf/wypowiedzi.xsp?view=5&mowca=Biejat%20Magdalena&page=2
Bielecki Jerzy,https://www.sejm.gov.pl/Sejm9.nsf/wypowiedzi.xsp?view=5&mowca=Bielecki%20Jerzy
Biernacki Marek,https://www.sejm.gov.pl/Sejm9.nsf/wypowiedzi.xsp?view=5&mowca=Biernacki%20Marek
Bittel Andrzej,https://www.sejm.gov.pl/Sejm9.nsf/wypowiedzi.xsp?view=5&mowca=Bittel%20Andrzej
Błaszczak Mariusz,https://www.sejm.gov.pl/Sejm9.nsf/wypowiedzi.xsp?view=5&mowca=B%C5%82aszczak%20Mariusz
Bochenek Mateusz,https://www.sejm.gov.pl/Sejm9.nsf/wypowiedzi.xsp?view=5&mowca=Bochenek%20Mateusz
Bochenek Rafał,https://www.sejm.gov.pl/Sejm9.nsf/wypowiedzi.xsp?view=5&mowca=Bochenek%20Rafa%C5%82
Bodnar Adam,https://www.sejm.gov.pl/Sejm9.nsf/wypowiedzi.xsp?view=5&mowca=Bodnar%20Adam
Borowiak Joanna,https://www.sejm.gov.pl/Sejm9.nsf/wypowiedzi.xsp?view=5&mowca=Borowiak%20Joanna&page=1
Borowiak Joanna,https://www.sejm.gov.pl/Sejm9.nsf/wypowiedzi.xsp?view=5&mowca=Borowiak%20Joanna&page=2
Borowiak Joanna,https://www.sejm.gov.pl/Sejm9.nsf/wypowiedzi.xsp?view=5&mowca=Borowiak%20Joanna&page=3
Bortniczuk Kamil,https://www.sejm.gov.pl/Sejm9.nsf/wypowiedzi.xsp?view=5&mowca=Bortniczuk%20Kamil
Borys-Szopa Bożena,https://www.sejm.gov.pl/Sejm9.nsf/wypowiedzi.xsp?view=5&mowca=Borys-Szopa%20Bo%C5%BCena
Borys Piotr,https://www.sejm.gov.pl/Sejm9.nsf/wypowiedzi.xsp?view=5&mowca=Borys%20Piotr&page=1
Borys Piotr,https://www.sejm.gov.pl/Sejm9.nsf/wypowiedzi.xsp?view=5&mowca=Borys%20Piotr&page=2
Borys Piotr,https://www.sejm.gov.pl/Sejm9.nsf/wypowiedzi.xsp?view=5&mowca=Borys%20Piotr&page=3
Bosak Krzysztof,https://www.sejm.gov.pl/Sejm9.nsf/wypowiedzi.xsp?view=5&mowca=Bosak%20Krzysztof&page=1
Bosak Krzysztof,https://www.sejm.gov.pl/Sejm9.nsf/wypowiedzi.xsp?view=5&mowca=Bosak%20Krzysztof&page=2
Bosak Krzysztof,https://www.sejm.gov.pl/Sejm9.nsf/wypowiedzi.xsp?view=5&mowca=Bosak%20Krzysztof&page=3
Braun Grzegorz,https://www.sejm.gov.pl/Sejm9.nsf/wypowiedzi.xsp?view=5&mowca=Braun%20Grzegorz&page=1
Braun Grzegorz,https://www.sejm.gov.pl/Sejm9.nsf/wypowiedzi.xsp?view=5&mowca=Braun%20Grzegorz&page=2
Braun Grzegorz,https://www.sejm.gov.pl/Sejm9.nsf/wypowiedzi.xsp?view=5&mowca=Braun%20Grzegorz&page=3
Braun Grzegorz,https://www.sejm.gov.pl/Sejm9.nsf/wypowiedzi.xsp?view=5&mowca=Braun%20Grzegorz&page=4
Braun Grzegorz,https://www.sejm.gov.pl/Sejm9.nsf/wypowiedzi.xsp?view=5&mowca=Braun%20Grzegorz&page=5
Braun Grzegorz,https://www.sejm.gov.pl/Sejm9.nsf/wypowiedzi.xsp?view=5&mowca=Braun%20Grzegorz&page=6
Braun Grzegorz,https://www.sejm.gov.pl/Sejm9.nsf/wypowiedzi.xsp?view=5&mowca=Braun%20Grzegorz&page=7
Broniarz Wincenty Sławomir,https://www.sejm.gov.pl/Sejm9.nsf/wypowiedzi.xsp?view=5&mowca=Broniarz%20Wincenty%20S%C5%82awomir
Buda Waldemar,https://www.sejm.gov.pl/Sejm9.nsf/wypowiedzi.xsp?view=5&mowca=Buda%20Waldemar
Budka Borys,https://www.sejm.gov.pl/Sejm9.nsf/wypowiedzi.xsp?view=5&mowca=Budka%20Borys&page=1
Budka Borys,https://www.sejm.gov.pl/Sejm9.nsf/wypowiedzi.xsp?view=5&mowca=Budka%20Borys&page=2
Budka Borys,https://www.sejm.gov.pl/Sejm9.nsf/wypowiedzi.xsp?view=5&mowca=Budka%20Borys&page=3
Buk Wanda,https://www.sejm.gov.pl/Sejm9.nsf/wypowiedzi.xsp?view=5&mowca=Buk%20Wanda
Bukowiec Stanisław,https://www.sejm.gov.pl/Sejm9.nsf/wypowiedzi.xsp?view=5&mowca=Bukowiec%20Stanis%C5%82aw
Burzyńska Lidia,https://www.sejm.gov.pl/Sejm9.nsf/wypowiedzi.xsp?view=5&mowca=Burzy%C5%84ska%20Lidia
Buż Wiesław,https://www.sejm.gov.pl/Sejm9.nsf/wypowiedzi.xsp?view=5&mowca=Bu%C5%BC%20Wies%C5%82aw
Chałupa Anna,https://www.sejm.gov.pl/Sejm9.nsf/wypowiedzi.xsp?view=5&mowca=Cha%C5%82upa%20Anna
Chmiel Małgorzata,https://www.sejm.gov.pl/Sejm9.nsf/wypowiedzi.xsp?view=5&mowca=Chmiel%20Ma%C5%82gorzata&page=1
Chmiel Małgorzata,https://www.sejm.gov.pl/Sejm9.nsf/wypowiedzi.xsp?view=5&mowca=Chmiel%20Ma%C5%82gorzata&page=2
Choma Kazimierz,https://www.sejm.gov.pl/Sejm9.nsf/wypowiedzi.xsp?view=5&mowca=Choma%20Kazimierz
Chorosińska Dominika,https://www.sejm.gov.pl/Sejm9.nsf/wypowiedzi.xsp?view=5&mowca=Chorosi%C5%84ska%20Dominika
Chróstny Tomasz,https://www.sejm.gov.pl/Sejm9.nsf/wypowiedzi.xsp?view=5&mowca=Chr%C3%B3stny%20Tomasz
Chrzan Tadeusz,https://www.sejm.gov.pl/Sejm9.nsf/wypowiedzi.xsp?view=5&mowca=Chrzan%20Tadeusz
Cicholska Anna Ewa,https://www.sejm.gov.pl/Sejm9.nsf/wypowiedzi.xsp?view=5&mowca=Cicholska%20Anna%20Ewa
Cichoń Janusz,https://www.sejm.gov.pl/Sejm9.nsf/wypowiedzi.xsp?view=5&mowca=Cicho%C5%84%20Janusz
Cieszyński Janusz,https://www.sejm.gov.pl/Sejm9.nsf/wypowiedzi.xsp?view=5&mowca=Cieszy%C5%84ski%20Janusz
Cymański Tadeusz,https://www.sejm.gov.pl/Sejm9.nsf/wypowiedzi.xsp?view=5&mowca=Cyma%C5%84ski%20Tadeusz
Czabański Krzysztof,https://www.sejm.gov.pl/Sejm9.nsf/wypowiedzi.xsp?view=5&mowca=Czaba%C5%84ski%20Krzysztof
Czarnecki Krzysztof,https://www.sejm.gov.pl/Sejm9.nsf/wypowiedzi.xsp?view=5&mowca=Czarnecki%20Krzysztof
Czarnecki Przemysław,https://www.sejm.gov.pl/Sejm9.nsf/wypowiedzi.xsp?view=5&mowca=Czarnecki%20Przemys%C5%82aw
Czarnecki Witold,https://www.sejm.gov.pl/Sejm9.nsf/wypowiedzi.xsp?view=5&mowca=Czarnecki%20Witold
Czarnek Przemysław,https://www.sejm.gov.pl/Sejm9.nsf/wypowiedzi.xsp?view=5&mowca=Czarnek%20Przemys%C5%82aw
Czartoryski Arkadiusz,https://www.sejm.gov.pl/Sejm9.nsf/wypowiedzi.xsp?view=5&mowca=Czartoryski%20Arkadiusz
Czarzasty Włodzimierz,https://www.sejm.gov.pl/Sejm9.nsf/wypowiedzi.xsp?view=5&mowca=Czarzasty%20W%C5%82odzimierz
Czerkawski Wacław,https://www.sejm.gov.pl/Sejm9.nsf/wypowiedzi.xsp?view=5&mowca=Czerkawski%20Wac%C5%82aw
Czerniak Jacek,https://www.sejm.gov.pl/Sejm9.nsf/wypowiedzi.xsp?view=5&mowca=Czerniak%20Jacek
Czernow Zofia,https://www.sejm.gov.pl/Sejm9.nsf/wypowiedzi.xsp?view=5&mowca=Czernow%20Zofia&page=1
Czernow Zofia,https://www.sejm.gov.pl/Sejm9.nsf/wypowiedzi.xsp?view=5&mowca=Czernow%20Zofia&page=2
Czernow Zofia,https://www.sejm.gov.pl/Sejm9.nsf/wypowiedzi.xsp?view=5&mowca=Czernow%20Zofia&page=3
Czerwińska Anita,https://www.sejm.gov.pl/Sejm9.nsf/wypowiedzi.xsp?view=5&mowca=Czerwi%C5%84ska%20Anita
Czochara Katarzyna,https://www.sejm.gov.pl/Sejm9.nsf/wypowiedzi.xsp?view=5&mowca=Czochara%20Katarzyna
Czykwin Eugeniusz,https://www.sejm.gov.pl/Sejm9.nsf/wypowiedzi.xsp?view=5&mowca=Czykwin%20Eugeniusz
Dajczak Władysław,https://www.sejm.gov.pl/Sejm9.nsf/wypowiedzi.xsp?view=5&mowca=Dajczak%20W%C5%82adys%C5%82aw
Dalkowska Anna,https://www.sejm.gov.pl/Sejm9.nsf/wypowiedzi.xsp?view=5&mowca=Dalkowska%20Anna
Dąbrowska-Banaszek Anna,https://www.sejm.gov.pl/Sejm9.nsf/wypowiedzi.xsp?view=5&mowca=D%C4%85browska-Banaszek%20Anna
Dąbrowski Tomasz,https://www.sejm.gov.pl/Sejm9.nsf/wypowiedzi.xsp?view=5&mowca=D%C4%85browski%20Tomasz
Dera Andrzej,https://www.sejm.gov.pl/Sejm9.nsf/wypowiedzi.xsp?view=5&mowca=Dera%20Andrzej
Dmowska-Andrzejuk Danuta,https://www.sejm.gov.pl/Sejm9.nsf/wypowiedzi.xsp?view=5&mowca=Dmowska-Andrzejuk%20Danuta
Dobrzyński Leszek,https://www.sejm.gov.pl/Sejm9.nsf/wypowiedzi.xsp?view=5&mowca=Dobrzy%C5%84ski%20Leszek
Dolata Zbigniew,https://www.sejm.gov.pl/Sejm9.nsf/wypowiedzi.xsp?view=5&mowca=Dolata%20Zbigniew
Dolniak Barbara,https://www.sejm.gov.pl/Sejm9.nsf/wypowiedzi.xsp?view=5&mowca=Dolniak%20Barbara
Dorywalski Bartłomiej,https://www.sejm.gov.pl/Sejm9.nsf/wypowiedzi.xsp?view=5&mowca=Dorywalski%20Bart%C5%82omiej
Drabek Przemysław,https://www.sejm.gov.pl/Sejm9.nsf/wypowiedzi.xsp?view=5&mowca=Drabek%20Przemys%C5%82aw
Duda Andrzej,https://www.sejm.gov.pl/Sejm9.nsf/wypowiedzi.xsp?view=5&mowca=Duda%20Andrzej
Duda Elżbieta,https://www.sejm.gov.pl/Sejm9.nsf/wypowiedzi.xsp?view=5&mowca=Duda%20El%C5%BCbieta
Duda Jan,https://www.sejm.gov.pl/Sejm9.nsf/wypowiedzi.xsp?view=5&mowca=Duda%20Jan
Dworczyk Michał,https://www.sejm.gov.pl/Sejm9.nsf/wypowiedzi.xsp?view=5&mowca=Dworczyk%20Micha%C5%82
Dybek Tomasz,https://www.sejm.gov.pl/Sejm9.nsf/wypowiedzi.xsp?view=5&mowca=Dybek%20Tomasz
Dyduch Marek,https://www.sejm.gov.pl/Sejm9.nsf/wypowiedzi.xsp?view=5&mowca=Dyduch%20Marek
Dziadzio Piotr,https://www.sejm.gov.pl/Sejm9.nsf/wypowiedzi.xsp?view=5&mowca=Dziadzio%20Piotr
Dziambor Artur,https://www.sejm.gov.pl/Sejm9.nsf/wypowiedzi.xsp?view=5&mowca=Dziambor%20Artur&page=1
Dziambor Artur,https://www.sejm.gov.pl/Sejm9.nsf/wypowiedzi.xsp?view=5&mowca=Dziambor%20Artur&page=2
Dziambor Artur,https://www.sejm.gov.pl/Sejm9.nsf/wypowiedzi.xsp?view=5&mowca=Dziambor%20Artur&page=3
Dziedzic Piotr,https://www.sejm.gov.pl/Sejm9.nsf/wypowiedzi.xsp?view=5&mowca=Dziedzic%20Piotr
Dziemianowicz-Bąk Agnieszka,https://www.sejm.gov.pl/Sejm9.nsf/wypowiedzi.xsp?view=5&mowca=Dziemianowicz-B%C4%85k%20Agnieszka&page=1
Dziemianowicz-Bąk Agnieszka,https://www.sejm.gov.pl/Sejm9.nsf/wypowiedzi.xsp?view=5&mowca=Dziemianowicz-B%C4%85k%20Agnieszka&page=2
Dzierżawski Mariusz,https://www.sejm.gov.pl/Sejm9.nsf/wypowiedzi.xsp?view=5&mowca=Dzier%C5%BCawski%20Mariusz
Dzikowski Waldy,https://www.sejm.gov.pl/Sejm9.nsf/wypowiedzi.xsp?view=5&mowca=Dzikowski%20Waldy
Dziuk Barbara,https://www.sejm.gov.pl/Sejm9.nsf/wypowiedzi.xsp?view=5&mowca=Dziuk%20Barbara&page=1
Dziuk Barbara,https://www.sejm.gov.pl/Sejm9.nsf/wypowiedzi.xsp?view=5&mowca=Dziuk%20Barbara&page=2
Emilewicz Jadwiga,https://www.sejm.gov.pl/Sejm9.nsf/wypowiedzi.xsp?view=5&mowca=Emilewicz%20Jadwiga
Fabisiak Joanna,https://www.sejm.gov.pl/Sejm9.nsf/wypowiedzi.xsp?view=5&mowca=Fabisiak%20Joanna&page=1
Fabisiak Joanna,https://www.sejm.gov.pl/Sejm9.nsf/wypowiedzi.xsp?view=5&mowca=Fabisiak%20Joanna&page=2
Falej Monika,https://www.sejm.gov.pl/Sejm9.nsf/wypowiedzi.xsp?view=5&mowca=Falej%20Monika&page=1
Falej Monika,https://www.sejm.gov.pl/Sejm9.nsf/wypowiedzi.xsp?view=5&mowca=Falej%20Monika&page=2
Fedak Jolanta,https://www.sejm.gov.pl/Sejm9.nsf/wypowiedzi.xsp?view=5&mowca=Fedak%20Jolanta
Fogiel Radosław,https://www.sejm.gov.pl/Sejm9.nsf/wypowiedzi.xsp?view=5&mowca=Fogiel%20Rados%C5%82aw
Frydrych Joanna,https://www.sejm.gov.pl/Sejm9.nsf/wypowiedzi.xsp?view=5&mowca=Frydrych%20Joanna
Frysztak Konrad,https://www.sejm.gov.pl/Sejm9.nsf/wypowiedzi.xsp?view=5&mowca=Frysztak%20Konrad&page=1
Frysztak Konrad,https://www.sejm.gov.pl/Sejm9.nsf/wypowiedzi.xsp?view=5&mowca=Frysztak%20Konrad&page=2
Gadomski Sławomir,https://www.sejm.gov.pl/Sejm9.nsf/wypowiedzi.xsp?view=5&mowca=Gadomski%20S%C5%82awomir
Gadowski Krzysztof,https://www.sejm.gov.pl/Sejm9.nsf/wypowiedzi.xsp?view=5&mowca=Gadowski%20Krzysztof&page=1
Gadowski Krzysztof,https://www.sejm.gov.pl/Sejm9.nsf/wypowiedzi.xsp?view=5&mowca=Gadowski%20Krzysztof&page=2
Gajewska Aleksandra,https://www.sejm.gov.pl/Sejm9.nsf/wypowiedzi.xsp?view=5&mowca=Gajewska%20Aleksandra
Gajewska Kinga,https://www.sejm.gov.pl/Sejm9.nsf/wypowiedzi.xsp?view=5&mowca=Gajewska%20Kinga
Galemba Leszek,https://www.sejm.gov.pl/Sejm9.nsf/wypowiedzi.xsp?view=5&mowca=Galemba%20Leszek
Galla Ryszard,https://www.sejm.gov.pl/Sejm9.nsf/wypowiedzi.xsp?view=5&mowca=Galla%20Ryszard
Gapińska Elżbieta,https://www.sejm.gov.pl/Sejm9.nsf/wypowiedzi.xsp?view=5&mowca=Gapi%C5%84ska%20El%C5%BCbieta
Gasiuk-Pihowicz Kamila,https://www.sejm.gov.pl/Sejm9.nsf/wypowiedzi.xsp?view=5&mowca=Gasiuk-Pihowicz%20Kamila
Gawęda Adam,https://www.sejm.gov.pl/Sejm9.nsf/wypowiedzi.xsp?view=5&mowca=Gaw%C4%99da%20Adam
Gawin Magdalena,https://www.sejm.gov.pl/Sejm9.nsf/wypowiedzi.xsp?view=5&mowca=Gawin%20Magdalena
Gawkowski Krzysztof,https://www.sejm.gov.pl/Sejm9.nsf/wypowiedzi.xsp?view=5&mowca=Gawkowski%20Krzysztof&page=1
Gawkowski Krzysztof,https://www.sejm.gov.pl/Sejm9.nsf/wypowiedzi.xsp?view=5&mowca=Gawkowski%20Krzysztof&page=2
Gawkowski Krzysztof,https://www.sejm.gov.pl/Sejm9.nsf/wypowiedzi.xsp?view=5&mowca=Gawkowski%20Krzysztof&page=3
Gawkowski Krzysztof,https://www.sejm.gov.pl/Sejm9.nsf/wypowiedzi.xsp?view=5&mowca=Gawkowski%20Krzysztof&page=4
Gawron Andrzej,https://www.sejm.gov.pl/Sejm9.nsf/wypowiedzi.xsp?view=5&mowca=Gawron%20Andrzej
Gdula Maciej,https://www.sejm.gov.pl/Sejm9.nsf/wypowiedzi.xsp?view=5&mowca=Gdula%20Maciej
Gelert Elżbieta,https://www.sejm.gov.pl/Sejm9.nsf/wypowiedzi.xsp?view=5&mowca=Gelert%20El%C5%BCbieta
Gembicka Anna,https://www.sejm.gov.pl/Sejm9.nsf/wypowiedzi.xsp?view=5&mowca=Gembicka%20Anna
Gill-Piątek Hanna,https://www.sejm.gov.pl/Sejm9.nsf/wypowiedzi.xsp?view=5&mowca=Gill-Pi%C4%85tek%20Hanna&page=1
Gill-Piątek Hanna,https://www.sejm.gov.pl/Sejm9.nsf/wypowiedzi.xsp?view=5&mowca=Gill-Pi%C4%85tek%20Hanna&page=2
Gill-Piątek Hanna,https://www.sejm.gov.pl/Sejm9.nsf/wypowiedzi.xsp?view=5&mowca=Gill-Pi%C4%85tek%20Hanna&page=3
Girzyński Zbigniew,https://www.sejm.gov.pl/Sejm9.nsf/wypowiedzi.xsp?view=5&mowca=Girzy%C5%84ski%20Zbigniew
Giżyński Szymon,https://www.sejm.gov.pl/Sejm9.nsf/wypowiedzi.xsp?view=5&mowca=Gi%C5%BCy%C5%84ski%20Szymon
Glapiński Adam,https://www.sejm.gov.pl/Sejm9.nsf/wypowiedzi.xsp?view=5&mowca=Glapi%C5%84ski%20Adam
Gliński Piotr,https://www.sejm.gov.pl/Sejm9.nsf/wypowiedzi.xsp?view=5&mowca=Gli%C5%84ski%20Piotr
Głogowski Tomasz,https://www.sejm.gov.pl/Sejm9.nsf/wypowiedzi.xsp?view=5&mowca=G%C5%82ogowski%20Tomasz
Godek Kaja Urszula,https://www.sejm.gov.pl/Sejm9.nsf/wypowiedzi.xsp?view=5&mowca=Godek%20Kaja%20Urszula
Golbik Marta,https://www.sejm.gov.pl/Sejm9.nsf/wypowiedzi.xsp?view=5&mowca=Golbik%20Marta
Golińska Małgorzata,https://www.sejm.gov.pl/Sejm9.nsf/wypowiedzi.xsp?view=5&mowca=Goli%C5%84ska%20Ma%C5%82gorzata
Goławska Anna,https://www.sejm.gov.pl/Sejm9.nsf/wypowiedzi.xsp?view=5&mowca=Go%C5%82awska%20Anna
Gołojuch Kazimierz,https://www.sejm.gov.pl/Sejm9.nsf/wypowiedzi.xsp?view=5&mowca=Go%C5%82ojuch%20Kazimierz
Gonciarz Jarosław,https://www.sejm.gov.pl/Sejm9.nsf/wypowiedzi.xsp?view=5&mowca=Gonciarz%20Jaros%C5%82aw
Gontarz Robert,https://www.sejm.gov.pl/Sejm9.nsf/wypowiedzi.xsp?view=5&mowca=Gontarz%20Robert
Gosek-Popiołek Daria,https://www.sejm.gov.pl/Sejm9.nsf/wypowiedzi.xsp?view=5&mowca=Gosek-Popio%C5%82ek%20Daria&page=1
Gosek-Popiołek Daria,https://www.sejm.gov.pl/Sejm9.nsf/wypowiedzi.xsp?view=5&mowca=Gosek-Popio%C5%82ek%20Daria&page=2
Gosiewska Małgorzata,https://www.sejm.gov.pl/Sejm9.nsf/wypowiedzi.xsp?view=5&mowca=Gosiewska%20Ma%C5%82gorzata
Górska Agnieszka,https://www.sejm.gov.pl/Sejm9.nsf/wypowiedzi.xsp?view=5&mowca=G%C3%B3rska%20Agnieszka
Górski Maciej,https://www.sejm.gov.pl/Sejm9.nsf/wypowiedzi.xsp?view=5&mowca=G%C3%B3rski%20Maciej
Grabarczyk Cezary,https://www.sejm.gov.pl/Sejm9.nsf/wypowiedzi.xsp?view=5&mowca=Grabarczyk%20Cezary&page=1
Grabarczyk Cezary,https://www.sejm.gov.pl/Sejm9.nsf/wypowiedzi.xsp?view=5&mowca=Grabarczyk%20Cezary&page=2
Grabczuk Krzysztof,https://www.sejm.gov.pl/Sejm9.nsf/wypowiedzi.xsp?view=5&mowca=Grabczuk%20Krzysztof&page=1
Grabczuk Krzysztof,https://www.sejm.gov.pl/Sejm9.nsf/wypowiedzi.xsp?view=5&mowca=Grabczuk%20Krzysztof&page=2
Grabiec Jan,https://www.sejm.gov.pl/Sejm9.nsf/wypowiedzi.xsp?view=5&mowca=Grabiec%20Jan
Gramatyka Michał,https://www.sejm.gov.pl/Sejm9.nsf/wypowiedzi.xsp?view=5&mowca=Gramatyka%20Micha%C5%82&page=1
Gramatyka Michał,https://www.sejm.gov.pl/Sejm9.nsf/wypowiedzi.xsp?view=5&mowca=Gramatyka%20Micha%C5%82&page=2
Grodecki Bartosz,https://www.sejm.gov.pl/Sejm9.nsf/wypowiedzi.xsp?view=5&mowca=Grodecki%20Bartosz
Gróbarczyk Marek,https://www.sejm.gov.pl/Sejm9.nsf/wypowiedzi.xsp?view=5&mowca=Gr%C3%B3barczyk%20Marek
Grupiński Rafał,https://www.sejm.gov.pl/Sejm9.nsf/wypowiedzi.xsp?view=5&mowca=Grupi%C5%84ski%20Rafa%C5%82
Gryglas Zbigniew,https://www.sejm.gov.pl/Sejm9.nsf/wypowiedzi.xsp?view=5&mowca=Gryglas%20Zbigniew
Grzyb Andrzej,https://www.sejm.gov.pl/Sejm9.nsf/wypowiedzi.xsp?view=5&mowca=Grzyb%20Andrzej&page=1
Grzyb Andrzej,https://www.sejm.gov.pl/Sejm9.nsf/wypowiedzi.xsp?view=5&mowca=Grzyb%20Andrzej&page=2
Grzyb Andrzej,https://www.sejm.gov.pl/Sejm9.nsf/wypowiedzi.xsp?view=5&mowca=Grzyb%20Andrzej&page=3
Guibourgé-Czetwertyński Adam,https://www.sejm.gov.pl/Sejm9.nsf/wypowiedzi.xsp?view=5&mowca=Guibourg%C3%A9-Czetwerty%C5%84ski%20Adam
Gut-Mostowy Andrzej,https://www.sejm.gov.pl/Sejm9.nsf/wypowiedzi.xsp?view=5&mowca=Gut-Mostowy%20Andrzej
Gwiazdowicz Dariusz,https://www.sejm.gov.pl/Sejm9.nsf/wypowiedzi.xsp?view=5&mowca=Gwiazdowicz%20Dariusz
Gwiazdowski Kazimierz,https://www.sejm.gov.pl/Sejm9.nsf/wypowiedzi.xsp?view=5&mowca=Gwiazdowski%20Kazimierz
Gwóźdź Marcin,https://www.sejm.gov.pl/Sejm9.nsf/wypowiedzi.xsp?view=5&mowca=Gw%C3%B3%C5%BAd%C5%BA%20Marcin
Hanajczyk Agnieszka,https://www.sejm.gov.pl/Sejm9.nsf/wypowiedzi.xsp?view=5&mowca=Hanajczyk%20Agnieszka
Hardie-Douglas Jerzy,https://www.sejm.gov.pl/Sejm9.nsf/wypowiedzi.xsp?view=5&mowca=Hardie-Douglas%20Jerzy
Hartwich Iwona,https://www.sejm.gov.pl/Sejm9.nsf/wypowiedzi.xsp?view=5&mowca=Hartwich%20Iwona
Hennig-Kloska Paulina,https://www.sejm.gov.pl/Sejm9.nsf/wypowiedzi.xsp?view=5&mowca=Hennig-Kloska%20Paulina&page=1
Hennig-Kloska Paulina,https://www.sejm.gov.pl/Sejm9.nsf/wypowiedzi.xsp?view=5&mowca=Hennig-Kloska%20Paulina&page=2
Hennig-Kloska Paulina,https://www.sejm.gov.pl/Sejm9.nsf/wypowiedzi.xsp?view=5&mowca=Hennig-Kloska%20Paulina&page=3
Hoc Czesław,https://www.sejm.gov.pl/Sejm9.nsf/wypowiedzi.xsp?view=5&mowca=Hoc%20Czes%C5%82aw
Hoffmann Zbigniew Grzegorz,https://www.sejm.gov.pl/Sejm9.nsf/wypowiedzi.xsp?view=5&mowca=Hoffmann%20Zbigniew%20Grzegorz
Hok Marek,https://www.sejm.gov.pl/Sejm9.nsf/wypowiedzi.xsp?view=5&mowca=Hok%20Marek
Horała Marcin,https://www.sejm.gov.pl/Sejm9.nsf/wypowiedzi.xsp?view=5&mowca=Hora%C5%82a%20Marcin
Hreniak Paweł,https://www.sejm.gov.pl/Sejm9.nsf/wypowiedzi.xsp?view=5&mowca=Hreniak%20Pawe%C5%82
Iwaniak Arkadiusz,https://www.sejm.gov.pl/Sejm9.nsf/wypowiedzi.xsp?view=5&mowca=Iwaniak%20Arkadiusz
Izdebski Waldemar,https://www.sejm.gov.pl/Sejm9.nsf/wypowiedzi.xsp?view=5&mowca=Izdebski%20Waldemar
Jach Michał,https://www.sejm.gov.pl/Sejm9.nsf/wypowiedzi.xsp?view=5&mowca=Jach%20Micha%C5%82
Jachira Klaudia,https://www.sejm.gov.pl/Sejm9.nsf/wypowiedzi.xsp?view=5&mowca=Jachira%20Klaudia&page=1
Jachira Klaudia,https://www.sejm.gov.pl/Sejm9.nsf/wypowiedzi.xsp?view=5&mowca=Jachira%20Klaudia&page=2
Janczyk Wiesław,https://www.sejm.gov.pl/Sejm9.nsf/wypowiedzi.xsp?view=5&mowca=Janczyk%20Wies%C5%82aw
Janowska Małgorzata,https://www.sejm.gov.pl/Sejm9.nsf/wypowiedzi.xsp?view=5&mowca=Janowska%20Ma%C5%82gorzata
Janyska Maria Małgorzata,https://www.sejm.gov.pl/Sejm9.nsf/wypowiedzi.xsp?view=5&mowca=Janyska%20Maria%20Ma%C5%82gorzata
Jaros Michał,https://www.sejm.gov.pl/Sejm9.nsf/wypowiedzi.xsp?view=5&mowca=Jaros%20Micha%C5%82
Jarosińska-Jedynak Małgorzata,https://www.sejm.gov.pl/Sejm9.nsf/wypowiedzi.xsp?view=5&mowca=Jarosi%C5%84ska-Jedynak%20Ma%C5%82gorzata
Jaśkowiak Joanna,https://www.sejm.gov.pl/Sejm9.nsf/wypowiedzi.xsp?view=5&mowca=Ja%C5%9Bkowiak%20Joanna
Joński Dariusz,https://www.sejm.gov.pl/Sejm9.nsf/wypowiedzi.xsp?view=5&mowca=Jo%C5%84ski%20Dariusz&page=1
Joński Dariusz,https://www.sejm.gov.pl/Sejm9.nsf/wypowiedzi.xsp?view=5&mowca=Jo%C5%84ski%20Dariusz&page=2
Jurek Marek,https://www.sejm.gov.pl/Sejm9.nsf/wypowiedzi.xsp?view=5&mowca=Jurek%20Marek
Kaczmarczyk Norbert,https://www.sejm.gov.pl/Sejm9.nsf/wypowiedzi.xsp?view=5&mowca=Kaczmarczyk%20Norbert
Kaczyński Jarosław,https://www.sejm.gov.pl/Sejm9.nsf/wypowiedzi.xsp?view=5&mowca=Kaczy%C5%84ski%20Jaros%C5%82aw
Kaleta Piotr,https://www.sejm.gov.pl/Sejm9.nsf/wypowiedzi.xsp?view=5&mowca=Kaleta%20Piotr
Kaleta Sebastian,https://www.sejm.gov.pl/Sejm9.nsf/wypowiedzi.xsp?view=5&mowca=Kaleta%20Sebastian
Kałużny Mariusz,https://www.sejm.gov.pl/Sejm9.nsf/wypowiedzi.xsp?view=5&mowca=Ka%C5%82u%C5%BCny%20Mariusz
Kamiński Krystian,https://www.sejm.gov.pl/Sejm9.nsf/wypowiedzi.xsp?view=5&mowca=Kami%C5%84ski%20Krystian&page=1
Kamiński Krystian,https://www.sejm.gov.pl/Sejm9.nsf/wypowiedzi.xsp?view=5&mowca=Kami%C5%84ski%20Krystian&page=2
Kamiński Mariusz,https://www.sejm.gov.pl/Sejm9.nsf/wypowiedzi.xsp?view=5&mowca=Kami%C5%84ski%20Mariusz
Kamiński Ryszard,https://www.sejm.gov.pl/Sejm9.nsf/wypowiedzi.xsp?view=5&mowca=Kami%C5%84ski%20Ryszard
Kanthak Jan,https://www.sejm.gov.pl/Sejm9.nsf/wypowiedzi.xsp?view=5&mowca=Kanthak%20Jan
Kapinos Fryderyk,https://www.sejm.gov.pl/Sejm9.nsf/wypowiedzi.xsp?view=5&mowca=Kapinos%20Fryderyk
Kasprzak Mieczysław,https://www.sejm.gov.pl/Sejm9.nsf/wypowiedzi.xsp?view=5&mowca=Kasprzak%20Mieczys%C5%82aw&page=1
Kasprzak Mieczysław,https://www.sejm.gov.pl/Sejm9.nsf/wypowiedzi.xsp?view=5&mowca=Kasprzak%20Mieczys%C5%82aw&page=2
Kidawa-Błońska Małgorzata,https://www.sejm.gov.pl/Sejm9.nsf/wypowiedzi.xsp?view=5&mowca=Kidawa-B%C5%82o%C5%84ska%20Ma%C5%82gorzata
Kierwiński Marcin,https://www.sejm.gov.pl/Sejm9.nsf/wypowiedzi.xsp?view=5&mowca=Kierwi%C5%84ski%20Marcin
Klimczak Dariusz,https://www.sejm.gov.pl/Sejm9.nsf/wypowiedzi.xsp?view=5&mowca=Klimczak%20Dariusz&page=1
Klimczak Dariusz,https://www.sejm.gov.pl/Sejm9.nsf/wypowiedzi.xsp?view=5&mowca=Klimczak%20Dariusz&page=2
Klimczak Dariusz,https://www.sejm.gov.pl/Sejm9.nsf/wypowiedzi.xsp?view=5&mowca=Klimczak%20Dariusz&page=3
Klimczak Dariusz,https://www.sejm.gov.pl/Sejm9.nsf/wypowiedzi.xsp?view=5&mowca=Klimczak%20Dariusz&page=4
Kluzik-Rostkowska Joanna,https://www.sejm.gov.pl/Sejm9.nsf/wypowiedzi.xsp?view=5&mowca=Kluzik-Rostkowska%20Joanna
Kochan Magdalena,https://www.sejm.gov.pl/Sejm9.nsf/wypowiedzi.xsp?view=5&mowca=Kochan%20Magdalena
Kołakowski Lech,https://www.sejm.gov.pl/Sejm9.nsf/wypowiedzi.xsp?view=5&mowca=Ko%C5%82akowski%20Lech
Kołodziej Ewa,https://www.sejm.gov.pl/Sejm9.nsf/wypowiedzi.xsp?view=5&mowca=Ko%C5%82odziej%20Ewa
Kołodziejski Witold,https://www.sejm.gov.pl/Sejm9.nsf/wypowiedzi.xsp?view=5&mowca=Ko%C5%82odziejski%20Witold
Konieczny Janusz Kazimierz,https://www.sejm.gov.pl/Sejm9.nsf/wypowiedzi.xsp?view=5&mowca=Konieczny%20Janusz%20Kazimierz
Konieczny Maciej,https://www.sejm.gov.pl/Sejm9.nsf/wypowiedzi.xsp?view=5&mowca=Konieczny%20Maciej&page=1
Konieczny Maciej,https://www.sejm.gov.pl/Sejm9.nsf/wypowiedzi.xsp?view=5&mowca=Konieczny%20Maciej&page=2
Konwiński Zbigniew,https://www.sejm.gov.pl/Sejm9.nsf/wypowiedzi.xsp?view=5&mowca=Konwi%C5%84ski%20Zbigniew
Kopeć Maciej,https://www.sejm.gov.pl/Sejm9.nsf/wypowiedzi.xsp?view=5&mowca=Kope%C4%87%20Maciej
Koperski Przemysław,https://www.sejm.gov.pl/Sejm9.nsf/wypowiedzi.xsp?view=5&mowca=Koperski%20Przemys%C5%82aw&page=1
Koperski Przemysław,https://www.sejm.gov.pl/Sejm9.nsf/wypowiedzi.xsp?view=5&mowca=Koperski%20Przemys%C5%82aw&page=2
Kopiec Maciej,https://www.sejm.gov.pl/Sejm9.nsf/wypowiedzi.xsp?view=5&mowca=Kopiec%20Maciej
Kornecka Anna,https://www.sejm.gov.pl/Sejm9.nsf/wypowiedzi.xsp?view=5&mowca=Kornecka%20Anna
Korwin-Mikke Janusz,https://www.sejm.gov.pl/Sejm9.nsf/wypowiedzi.xsp?view=5&mowca=Korwin-Mikke%20Janusz&page=1
Korwin-Mikke Janusz,https://www.sejm.gov.pl/Sejm9.nsf/wypowiedzi.xsp?view=5&mowca=Korwin-Mikke%20Janusz&page=2
Korwin-Mikke Janusz,https://www.sejm.gov.pl/Sejm9.nsf/wypowiedzi.xsp?view=5&mowca=Korwin-Mikke%20Janusz&page=3
Korwin-Mikke Janusz,https://www.sejm.gov.pl/Sejm9.nsf/wypowiedzi.xsp?view=5&mowca=Korwin-Mikke%20Janusz&page=4
Kosiniak-Kamysz Władysław,https://www.sejm.gov.pl/Sejm9.nsf/wypowiedzi.xsp?view=5&mowca=Kosiniak-Kamysz%20W%C5%82adys%C5%82aw&page=1
Kosiniak-Kamysz Władysław,https://www.sejm.gov.pl/Sejm9.nsf/wypowiedzi.xsp?view=5&mowca=Kosiniak-Kamysz%20W%C5%82adys%C5%82aw&page=2
Kossakowski Wojciech,https://www.sejm.gov.pl/Sejm9.nsf/wypowiedzi.xsp?view=5&mowca=Kossakowski%20Wojciech
Kostuś Tomasz,https://www.sejm.gov.pl/Sejm9.nsf/wypowiedzi.xsp?view=5&mowca=Kostu%C5%9B%20Tomasz
Kosztowniak Andrzej,https://www.sejm.gov.pl/Sejm9.nsf/wypowiedzi.xsp?view=5&mowca=Kosztowniak%20Andrzej
Kościński Tadeusz,https://www.sejm.gov.pl/Sejm9.nsf/wypowiedzi.xsp?view=5&mowca=Ko%C5%9Bci%C5%84ski%20Tadeusz
Kotula Katarzyna,https://www.sejm.gov.pl/Sejm9.nsf/wypowiedzi.xsp?view=5&mowca=Kotula%20Katarzyna
Kowal Paweł,https://www.sejm.gov.pl/Sejm9.nsf/wypowiedzi.xsp?view=5&mowca=Kowal%20Pawe%C5%82
Kowalczyk Henryk,https://www.sejm.gov.pl/Sejm9.nsf/wypowiedzi.xsp?view=5&mowca=Kowalczyk%20Henryk&page=1
Kowalczyk Henryk,https://www.sejm.gov.pl/Sejm9.nsf/wypowiedzi.xsp?view=5&mowca=Kowalczyk%20Henryk&page=2
Kowalczyk Henryk,https://www.sejm.gov.pl/Sejm9.nsf/wypowiedzi.xsp?view=5&mowca=Kowalczyk%20Henryk&page=3
Kowalski Janusz,https://www.sejm.gov.pl/Sejm9.nsf/wypowiedzi.xsp?view=5&mowca=Kowalski%20Janusz
Kownacki Bartosz,https://www.sejm.gov.pl/Sejm9.nsf/wypowiedzi.xsp?view=5&mowca=Kownacki%20Bartosz
Kozanecka Ewa,https://www.sejm.gov.pl/Sejm9.nsf/wypowiedzi.xsp?view=5&mowca=Kozanecka%20Ewa
Kozik Krzysztof Janusz,https://www.sejm.gov.pl/Sejm9.nsf/wypowiedzi.xsp?view=5&mowca=Kozik%20Krzysztof%20Janusz
Kozłowska Iwona Maria,https://www.sejm.gov.pl/Sejm9.nsf/wypowiedzi.xsp?view=5&mowca=Koz%C5%82owska%20Iwona%20Maria&page=1
Kozłowska Iwona Maria,https://www.sejm.gov.pl/Sejm9.nsf/wypowiedzi.xsp?view=5&mowca=Koz%C5%82owska%20Iwona%20Maria&page=2
Krajewski Jarosław,https://www.sejm.gov.pl/Sejm9.nsf/wypowiedzi.xsp?view=5&mowca=Krajewski%20Jaros%C5%82aw
Krajewski Stefan,https://www.sejm.gov.pl/Sejm9.nsf/wypowiedzi.xsp?view=5&mowca=Krajewski%20Stefan&page=1
Krajewski Stefan,https://www.sejm.gov.pl/Sejm9.nsf/wypowiedzi.xsp?view=5&mowca=Krajewski%20Stefan&page=2
Krajewski Stefan,https://www.sejm.gov.pl/Sejm9.nsf/wypowiedzi.xsp?view=5&mowca=Krajewski%20Stefan&page=3
Krajewski Wiesław,https://www.sejm.gov.pl/Sejm9.nsf/wypowiedzi.xsp?view=5&mowca=Krajewski%20Wies%C5%82aw
Kraska Waldemar,https://www.sejm.gov.pl/Sejm9.nsf/wypowiedzi.xsp?view=5&mowca=Kraska%20Waldemar
Krasulski Leonard,https://www.sejm.gov.pl/Sejm9.nsf/wypowiedzi.xsp?view=5&mowca=Krasulski%20Leonard
Krawczyk Michał,https://www.sejm.gov.pl/Sejm9.nsf/wypowiedzi.xsp?view=5&mowca=Krawczyk%20Micha%C5%82
Kretkowska Katarzyna,https://www.sejm.gov.pl/Sejm9.nsf/wypowiedzi.xsp?view=5&mowca=Kretkowska%20Katarzyna&page=1
Kretkowska Katarzyna,https://www.sejm.gov.pl/Sejm9.nsf/wypowiedzi.xsp?view=5&mowca=Kretkowska%20Katarzyna&page=2
Kretkowska Katarzyna,https://www.sejm.gov.pl/Sejm9.nsf/wypowiedzi.xsp?view=5&mowca=Kretkowska%20Katarzyna&page=3
Kropiwnicki Robert,https://www.sejm.gov.pl/Sejm9.nsf/wypowiedzi.xsp?view=5&mowca=Kropiwnicki%20Robert
Król Piotr,https://www.sejm.gov.pl/Sejm9.nsf/wypowiedzi.xsp?view=5&mowca=Kr%C3%B3l%20Piotr
Król Wojciech,https://www.sejm.gov.pl/Sejm9.nsf/wypowiedzi.xsp?view=5&mowca=Kr%C3%B3l%20Wojciech
Krupka Anna,https://www.sejm.gov.pl/Sejm9.nsf/wypowiedzi.xsp?view=5&mowca=Krupka%20Anna
Krutul Paweł,https://www.sejm.gov.pl/Sejm9.nsf/wypowiedzi.xsp?view=5&mowca=Krutul%20Pawe%C5%82&page=1
Krutul Paweł,https://www.sejm.gov.pl/Sejm9.nsf/wypowiedzi.xsp?view=5&mowca=Krutul%20Pawe%C5%82&page=2
Krutul Paweł,https://www.sejm.gov.pl/Sejm9.nsf/wypowiedzi.xsp?view=5&mowca=Krutul%20Pawe%C5%82&page=3
Kryj Andrzej,https://www.sejm.gov.pl/Sejm9.nsf/wypowiedzi.xsp?view=5&mowca=Kryj%20Andrzej
Krząkała Marek,https://www.sejm.gov.pl/Sejm9.nsf/wypowiedzi.xsp?view=5&mowca=Krz%C4%85ka%C5%82a%20Marek
Krzywonos-Strycharska Henryka,https://www.sejm.gov.pl/Sejm9.nsf/wypowiedzi.xsp?view=5&mowca=Krzywonos-Strycharska%20Henryka
Kubiak Marta,https://www.sejm.gov.pl/Sejm9.nsf/wypowiedzi.xsp?view=5&mowca=Kubiak%20Marta
Kucharska-Dziedzic Anita,https://www.sejm.gov.pl/Sejm9.nsf/wypowiedzi.xsp?view=5&mowca=Kucharska-Dziedzic%20Anita&page=1
Kucharska-Dziedzic Anita,https://www.sejm.gov.pl/Sejm9.nsf/wypowiedzi.xsp?view=5&mowca=Kucharska-Dziedzic%20Anita&page=2
Kulasek Marcin,https://www.sejm.gov.pl/Sejm9.nsf/wypowiedzi.xsp?view=5&mowca=Kulasek%20Marcin
Kulesza Jakub,https://www.sejm.gov.pl/Sejm9.nsf/wypowiedzi.xsp?view=5&mowca=Kulesza%20Jakub&page=1
Kulesza Jakub,https://www.sejm.gov.pl/Sejm9.nsf/wypowiedzi.xsp?view=5&mowca=Kulesza%20Jakub&page=2
Kurowska Maria,https://www.sejm.gov.pl/Sejm9.nsf/wypowiedzi.xsp?view=5&mowca=Kurowska%20Maria
Kurowski Władysław,https://www.sejm.gov.pl/Sejm9.nsf/wypowiedzi.xsp?view=5&mowca=Kurowski%20W%C5%82adys%C5%82aw
Kurzawa Dariusz,https://www.sejm.gov.pl/Sejm9.nsf/wypowiedzi.xsp?view=5&mowca=Kurzawa%20Dariusz
Kurzępa Jacek,https://www.sejm.gov.pl/Sejm9.nsf/wypowiedzi.xsp?view=5&mowca=Kurz%C4%99pa%20Jacek
Kwiatkowski Robert,https://www.sejm.gov.pl/Sejm9.nsf/wypowiedzi.xsp?view=5&mowca=Kwiatkowski%20Robert
Kwiecień Anna,https://www.sejm.gov.pl/Sejm9.nsf/wypowiedzi.xsp?view=5&mowca=Kwiecie%C5%84%20Anna&page=1
Kwiecień Anna,https://www.sejm.gov.pl/Sejm9.nsf/wypowiedzi.xsp?view=5&mowca=Kwiecie%C5%84%20Anna&page=2
Lasek Maciej,https://www.sejm.gov.pl/Sejm9.nsf/wypowiedzi.xsp?view=5&mowca=Lasek%20Maciej
Latos Tomasz,https://www.sejm.gov.pl/Sejm9.nsf/wypowiedzi.xsp?view=5&mowca=Latos%20Tomasz&page=1
Latos Tomasz,https://www.sejm.gov.pl/Sejm9.nsf/wypowiedzi.xsp?view=5&mowca=Latos%20Tomasz&page=2
Lenartowicz Gabriela,https://www.sejm.gov.pl/Sejm9.nsf/wypowiedzi.xsp?view=5&mowca=Lenartowicz%20Gabriela&page=1
Lenartowicz Gabriela,https://www.sejm.gov.pl/Sejm9.nsf/wypowiedzi.xsp?view=5&mowca=Lenartowicz%20Gabriela&page=2
Lenz Tomasz,https://www.sejm.gov.pl/Sejm9.nsf/wypowiedzi.xsp?view=5&mowca=Lenz%20Tomasz
Leszczyna Izabela,https://www.sejm.gov.pl/Sejm9.nsf/wypowiedzi.xsp?view=5&mowca=Leszczyna%20Izabela&page=1
Leszczyna Izabela,https://www.sejm.gov.pl/Sejm9.nsf/wypowiedzi.xsp?view=5&mowca=Leszczyna%20Izabela&page=2
Lewandowski Paweł,https://www.sejm.gov.pl/Sejm9.nsf/wypowiedzi.xsp?view=5&mowca=Lewandowski%20Pawe%C5%82
Lichocka Joanna,https://www.sejm.gov.pl/Sejm9.nsf/wypowiedzi.xsp?view=5&mowca=Lichocka%20Joanna
Lipiec Krzysztof,https://www.sejm.gov.pl/Sejm9.nsf/wypowiedzi.xsp?view=5&mowca=Lipiec%20Krzysztof
Lisiecki Paweł,https://www.sejm.gov.pl/Sejm9.nsf/wypowiedzi.xsp?view=5&mowca=Lisiecki%20Pawe%C5%82
Lorek Grzegorz,https://www.sejm.gov.pl/Sejm9.nsf/wypowiedzi.xsp?view=5&mowca=Lorek%20Grzegorz
Lubczyk Radosław,https://www.sejm.gov.pl/Sejm9.nsf/wypowiedzi.xsp?view=5&mowca=Lubczyk%20Rados%C5%82aw
Lubnauer Katarzyna,https://www.sejm.gov.pl/Sejm9.nsf/wypowiedzi.xsp?view=5&mowca=Lubnauer%20Katarzyna&page=1
Lubnauer Katarzyna,https://www.sejm.gov.pl/Sejm9.nsf/wypowiedzi.xsp?view=5&mowca=Lubnauer%20Katarzyna&page=2
Ławniczak Tomasz,https://www.sejm.gov.pl/Sejm9.nsf/wypowiedzi.xsp?view=5&mowca=%C5%81awniczak%20Tomasz
Łażewska-Hrycko Katarzyna,https://www.sejm.gov.pl/Sejm9.nsf/wypowiedzi.xsp?view=5&mowca=%C5%81a%C5%BCewska-Hrycko%20Katarzyna
Łącki Artur,https://www.sejm.gov.pl/Sejm9.nsf/wypowiedzi.xsp?view=5&mowca=%C5%81%C4%85cki%20Artur&page=1
Łącki Artur,https://www.sejm.gov.pl/Sejm9.nsf/wypowiedzi.xsp?view=5&mowca=%C5%81%C4%85cki%20Artur&page=2
Łącki Artur,https://www.sejm.gov.pl/Sejm9.nsf/wypowiedzi.xsp?view=5&mowca=%C5%81%C4%85cki%20Artur&page=3
Łopata Jan,https://www.sejm.gov.pl/Sejm9.nsf/wypowiedzi.xsp?view=5&mowca=%C5%81opata%20Jan
Łośko Magdalena,https://www.sejm.gov.pl/Sejm9.nsf/wypowiedzi.xsp?view=5&mowca=%C5%81o%C5%9Bko%20Magdalena
Machałek Marzena,https://www.sejm.gov.pl/Sejm9.nsf/wypowiedzi.xsp?view=5&mowca=Macha%C5%82ek%20Marzena
Maciejewska Beata,https://www.sejm.gov.pl/Sejm9.nsf/wypowiedzi.xsp?view=5&mowca=Maciejewska%20Beata&page=1
Maciejewska Beata,https://www.sejm.gov.pl/Sejm9.nsf/wypowiedzi.xsp?view=5&mowca=Maciejewska%20Beata&page=2
Macierewicz Antoni,https://www.sejm.gov.pl/Sejm9.nsf/wypowiedzi.xsp?view=5&mowca=Macierewicz%20Antoni
Maksymowicz Wojciech,https://www.sejm.gov.pl/Sejm9.nsf/wypowiedzi.xsp?view=5&mowca=Maksymowicz%20Wojciech
Maląg Marlena Magdalena,https://www.sejm.gov.pl/Sejm9.nsf/wypowiedzi.xsp?view=5&mowca=Mal%C4%85g%20Marlena%20Magdalena
Malik Ewa,https://www.sejm.gov.pl/Sejm9.nsf/wypowiedzi.xsp?view=5&mowca=Malik%20Ewa
Maliszewski Mirosław,https://www.sejm.gov.pl/Sejm9.nsf/wypowiedzi.xsp?view=5&mowca=Maliszewski%20Miros%C5%82aw
Małecki Jerzy,https://www.sejm.gov.pl/Sejm9.nsf/wypowiedzi.xsp?view=5&mowca=Ma%C5%82ecki%20Jerzy
Małecki Maciej,https://www.sejm.gov.pl/Sejm9.nsf/wypowiedzi.xsp?view=5&mowca=Ma%C5%82ecki%20Maciej
Marchewka Arkadiusz,https://www.sejm.gov.pl/Sejm9.nsf/wypowiedzi.xsp?view=5&mowca=Marchewka%20Arkadiusz&page=1
Marchewka Arkadiusz,https://www.sejm.gov.pl/Sejm9.nsf/wypowiedzi.xsp?view=5&mowca=Marchewka%20Arkadiusz&page=2
Marczułajtis-Walczak Jagna,https://www.sejm.gov.pl/Sejm9.nsf/wypowiedzi.xsp?view=5&mowca=Marczu%C5%82ajtis-Walczak%20Jagna
Masłowska Gabriela,https://www.sejm.gov.pl/Sejm9.nsf/wypowiedzi.xsp?view=5&mowca=Mas%C5%82owska%20Gabriela
Materna Jerzy,https://www.sejm.gov.pl/Sejm9.nsf/wypowiedzi.xsp?view=5&mowca=Materna%20Jerzy
Mateusiak-Pielucha Beata,https://www.sejm.gov.pl/Sejm9.nsf/wypowiedzi.xsp?view=5&mowca=Mateusiak-Pielucha%20Beata
Matusiak Grzegorz,https://www.sejm.gov.pl/Sejm9.nsf/wypowiedzi.xsp?view=5&mowca=Matusiak%20Grzegorz
Matuszewski Marek,https://www.sejm.gov.pl/Sejm9.nsf/wypowiedzi.xsp?view=5&mowca=Matuszewski%20Marek
Matysiak Paulina,https://www.sejm.gov.pl/Sejm9.nsf/wypowiedzi.xsp?view=5&mowca=Matysiak%20Paulina&page=1
Matysiak Paulina,https://www.sejm.gov.pl/Sejm9.nsf/wypowiedzi.xsp?view=5&mowca=Matysiak%20Paulina&page=2
Mazur Krzysztof,https://www.sejm.gov.pl/Sejm9.nsf/wypowiedzi.xsp?view=5&mowca=Mazur%20Krzysztof
Mazur Leszek,https://www.sejm.gov.pl/Sejm9.nsf/wypowiedzi.xsp?view=5&mowca=Mazur%20Leszek
Mazurek Sławomir,https://www.sejm.gov.pl/Sejm9.nsf/wypowiedzi.xsp?view=5&mowca=Mazurek%20S%C5%82awomir
Michałek Iwona,https://www.sejm.gov.pl/Sejm9.nsf/wypowiedzi.xsp?view=5&mowca=Micha%C5%82ek%20Iwona
Mieszkowski Krzysztof,https://www.sejm.gov.pl/Sejm9.nsf/wypowiedzi.xsp?view=5&mowca=Mieszkowski%20Krzysztof
Milczanowska Anna,https://www.sejm.gov.pl/Sejm9.nsf/wypowiedzi.xsp?view=5&mowca=Milczanowska%20Anna&page=1
Milczanowska Anna,https://www.sejm.gov.pl/Sejm9.nsf/wypowiedzi.xsp?view=5&mowca=Milczanowska%20Anna&page=2
Milewski Daniel,https://www.sejm.gov.pl/Sejm9.nsf/wypowiedzi.xsp?view=5&mowca=Milewski%20Daniel
Miller Rajmund,https://www.sejm.gov.pl/Sejm9.nsf/wypowiedzi.xsp?view=5&mowca=Miller%20Rajmund
Miłkowski Maciej,https://www.sejm.gov.pl/Sejm9.nsf/wypowiedzi.xsp?view=5&mowca=Mi%C5%82kowski%20Maciej
Miszalski Aleksander,https://www.sejm.gov.pl/Sejm9.nsf/wypowiedzi.xsp?view=5&mowca=Miszalski%20Aleksander&page=1
Miszalski Aleksander,https://www.sejm.gov.pl/Sejm9.nsf/wypowiedzi.xsp?view=5&mowca=Miszalski%20Aleksander&page=2
Morawiecki Mateusz,https://www.sejm.gov.pl/Sejm9.nsf/wypowiedzi.xsp?view=5&mowca=Morawiecki%20Mateusz
Mosiński Jan,https://www.sejm.gov.pl/Sejm9.nsf/wypowiedzi.xsp?view=5&mowca=Mosi%C5%84ski%20Jan
Moskal Kazimierz,https://www.sejm.gov.pl/Sejm9.nsf/wypowiedzi.xsp?view=5&mowca=Moskal%20Kazimierz
Moskwa Anna,https://www.sejm.gov.pl/Sejm9.nsf/wypowiedzi.xsp?view=5&mowca=Moskwa%20Anna
Mroczek Czesław,https://www.sejm.gov.pl/Sejm9.nsf/wypowiedzi.xsp?view=5&mowca=Mroczek%20Czes%C5%82aw
Mrówczyński Aleksander,https://www.sejm.gov.pl/Sejm9.nsf/wypowiedzi.xsp?view=5&mowca=Mr%C3%B3wczy%C5%84ski%20Aleksander
Mrzygłocka Izabela Katarzyna,https://www.sejm.gov.pl/Sejm9.nsf/wypowiedzi.xsp?view=5&mowca=Mrzyg%C5%82ocka%20Izabela%20Katarzyna
Mucha Joanna,https://www.sejm.gov.pl/Sejm9.nsf/wypowiedzi.xsp?view=5&mowca=Mucha%20Joanna
Mucha Paweł,https://www.sejm.gov.pl/Sejm9.nsf/wypowiedzi.xsp?view=5&mowca=Mucha%20Pawe%C5%82
Mularczyk Arkadiusz,https://www.sejm.gov.pl/Sejm9.nsf/wypowiedzi.xsp?view=5&mowca=Mularczyk%20Arkadiusz
Munyama Killion,https://www.sejm.gov.pl/Sejm9.nsf/wypowiedzi.xsp?view=5&mowca=Munyama%20Killion
Murdzek Wojciech,https://www.sejm.gov.pl/Sejm9.nsf/wypowiedzi.xsp?view=5&mowca=Murdzek%20Wojciech
Myrcha Arkadiusz,https://www.sejm.gov.pl/Sejm9.nsf/wypowiedzi.xsp?view=5&mowca=Myrcha%20Arkadiusz
Naimski Piotr,https://www.sejm.gov.pl/Sejm9.nsf/wypowiedzi.xsp?view=5&mowca=Naimski%20Piotr
Napieralski Grzegorz,https://www.sejm.gov.pl/Sejm9.nsf/wypowiedzi.xsp?view=5&mowca=Napieralski%20Grzegorz
Neumann Sławomir,https://www.sejm.gov.pl/Sejm9.nsf/wypowiedzi.xsp?view=5&mowca=Neumann%20S%C5%82awomir
Niedużak Marek,https://www.sejm.gov.pl/Sejm9.nsf/wypowiedzi.xsp?view=5&mowca=Niedu%C5%BCak%20Marek
Niedziela Dorota,https://www.sejm.gov.pl/Sejm9.nsf/wypowiedzi.xsp?view=5&mowca=Niedziela%20Dorota
Niedzielski Adam,https://www.sejm.gov.pl/Sejm9.nsf/wypowiedzi.xsp?view=5&mowca=Niedzielski%20Adam
Niemczyk Małgorzata,https://www.sejm.gov.pl/Sejm9.nsf/wypowiedzi.xsp?view=5&mowca=Niemczyk%20Ma%C5%82gorzata
Nitras Sławomir,https://www.sejm.gov.pl/Sejm9.nsf/wypowiedzi.xsp?view=5&mowca=Nitras%20S%C5%82awomir&page=1
Nitras Sławomir,https://www.sejm.gov.pl/Sejm9.nsf/wypowiedzi.xsp?view=5&mowca=Nitras%20S%C5%82awomir&page=2
Nitras Sławomir,https://www.sejm.gov.pl/Sejm9.nsf/wypowiedzi.xsp?view=5&mowca=Nitras%20S%C5%82awomir&page=3
Nowacka Barbara,https://www.sejm.gov.pl/Sejm9.nsf/wypowiedzi.xsp?view=5&mowca=Nowacka%20Barbara&page=1
Nowacka Barbara,https://www.sejm.gov.pl/Sejm9.nsf/wypowiedzi.xsp?view=5&mowca=Nowacka%20Barbara&page=2
Nowak Alina,https://www.sejm.gov.pl/Sejm9.nsf/wypowiedzi.xsp?view=5&mowca=Nowak%20Alina
Nowak Piotr,https://www.sejm.gov.pl/Sejm9.nsf/wypowiedzi.xsp?view=5&mowca=Nowak%20Piotr
Nowak Tomasz Piotr,https://www.sejm.gov.pl/Sejm9.nsf/wypowiedzi.xsp?view=5&mowca=Nowak%20Tomasz%20Piotr&page=1
Nowak Tomasz Piotr,https://www.sejm.gov.pl/Sejm9.nsf/wypowiedzi.xsp?view=5&mowca=Nowak%20Tomasz%20Piotr&page=2
Nowicka Danuta,https://www.sejm.gov.pl/Sejm9.nsf/wypowiedzi.xsp?view=5&mowca=Nowicka%20Danuta
Nowicka Wanda,https://www.sejm.gov.pl/Sejm9.nsf/wypowiedzi.xsp?view=5&mowca=Nowicka%20Wanda&page=1
Nowicka Wanda,https://www.sejm.gov.pl/Sejm9.nsf/wypowiedzi.xsp?view=5&mowca=Nowicka%20Wanda&page=2
Nowicka Wanda,https://www.sejm.gov.pl/Sejm9.nsf/wypowiedzi.xsp?view=5&mowca=Nowicka%20Wanda&page=3
Nowicki Robert Krzysztof,https://www.sejm.gov.pl/Sejm9.nsf/wypowiedzi.xsp?view=5&mowca=Nowicki%20Robert%20Krzysztof
Nowogórska Urszula,https://www.sejm.gov.pl/Sejm9.nsf/wypowiedzi.xsp?view=5&mowca=Nowog%C3%B3rska%20Urszula
Nykiel Mirosława,https://www.sejm.gov.pl/Sejm9.nsf/wypowiedzi.xsp?view=5&mowca=Nykiel%20Miros%C5%82awa&page=1
Nykiel Mirosława,https://www.sejm.gov.pl/Sejm9.nsf/wypowiedzi.xsp?view=5&mowca=Nykiel%20Miros%C5%82awa&page=2
Obaz Robert,https://www.sejm.gov.pl/Sejm9.nsf/wypowiedzi.xsp?view=5&mowca=Obaz%20Robert&page=1
Obaz Robert,https://www.sejm.gov.pl/Sejm9.nsf/wypowiedzi.xsp?view=5&mowca=Obaz%20Robert&page=2
Okła-Drewnowicz Marzena,https://www.sejm.gov.pl/Sejm9.nsf/wypowiedzi.xsp?view=5&mowca=Ok%C5%82a-Drewnowicz%20Marzena&page=1
Okła-Drewnowicz Marzena,https://www.sejm.gov.pl/Sejm9.nsf/wypowiedzi.xsp?view=5&mowca=Ok%C5%82a-Drewnowicz%20Marzena&page=2
Olejniczak Waldemar,https://www.sejm.gov.pl/Sejm9.nsf/wypowiedzi.xsp?view=5&mowca=Olejniczak%20Waldemar
Olichwer Tomasz,https://www.sejm.gov.pl/Sejm9.nsf/wypowiedzi.xsp?view=5&mowca=Olichwer%20Tomasz&page=1
Olichwer Tomasz,https://www.sejm.gov.pl/Sejm9.nsf/wypowiedzi.xsp?view=5&mowca=Olichwer%20Tomasz&page=2
Olszewski Dariusz,https://www.sejm.gov.pl/Sejm9.nsf/wypowiedzi.xsp?view=5&mowca=Olszewski%20Dariusz
Olszewski Paweł,https://www.sejm.gov.pl/Sejm9.nsf/wypowiedzi.xsp?view=5&mowca=Olszewski%20Pawe%C5%82
Osos Katarzyna,https://www.sejm.gov.pl/Sejm9.nsf/wypowiedzi.xsp?view=5&mowca=Osos%20Katarzyna
Ozdoba Jacek,https://www.sejm.gov.pl/Sejm9.nsf/wypowiedzi.xsp?view=5&mowca=Ozdoba%20Jacek
Paluch Anna,https://www.sejm.gov.pl/Sejm9.nsf/wypowiedzi.xsp?view=5&mowca=Paluch%20Anna&page=1
Paluch Anna,https://www.sejm.gov.pl/Sejm9.nsf/wypowiedzi.xsp?view=5&mowca=Paluch%20Anna&page=2
Pamuła Teresa,https://www.sejm.gov.pl/Sejm9.nsf/wypowiedzi.xsp?view=5&mowca=Pamu%C5%82a%20Teresa
Papke Paweł,https://www.sejm.gov.pl/Sejm9.nsf/wypowiedzi.xsp?view=5&mowca=Papke%20Pawe%C5%82
Paprocka Małgorzata,https://www.sejm.gov.pl/Sejm9.nsf/wypowiedzi.xsp?view=5&mowca=Paprocka%20Ma%C5%82gorzata
Pasławska Urszula,https://www.sejm.gov.pl/Sejm9.nsf/wypowiedzi.xsp?view=5&mowca=Pas%C5%82awska%20Urszula
Paszyk Krzysztof,https://www.sejm.gov.pl/Sejm9.nsf/wypowiedzi.xsp?view=5&mowca=Paszyk%20Krzysztof&page=1
Paszyk Krzysztof,https://www.sejm.gov.pl/Sejm9.nsf/wypowiedzi.xsp?view=5&mowca=Paszyk%20Krzysztof&page=2
Paszyk Krzysztof,https://www.sejm.gov.pl/Sejm9.nsf/wypowiedzi.xsp?view=5&mowca=Paszyk%20Krzysztof&page=3
Paszyk Krzysztof,https://www.sejm.gov.pl/Sejm9.nsf/wypowiedzi.xsp?view=5&mowca=Paszyk%20Krzysztof&page=4
Paszyk Krzysztof,https://www.sejm.gov.pl/Sejm9.nsf/wypowiedzi.xsp?view=5&mowca=Paszyk%20Krzysztof&page=5
Patkowski Piotr,https://www.sejm.gov.pl/Sejm9.nsf/wypowiedzi.xsp?view=5&mowca=Patkowski%20Piotr
Paul Jerzy,https://www.sejm.gov.pl/Sejm9.nsf/wypowiedzi.xsp?view=5&mowca=Paul%20Jerzy
Pawlak Mikołaj,https://www.sejm.gov.pl/Sejm9.nsf/wypowiedzi.xsp?view=5&mowca=Pawlak%20Miko%C5%82aj
Pawliczak Karolina,https://www.sejm.gov.pl/Sejm9.nsf/wypowiedzi.xsp?view=5&mowca=Pawliczak%20Karolina
Pawłowicz Zbigniew,https://www.sejm.gov.pl/Sejm9.nsf/wypowiedzi.xsp?view=5&mowca=Paw%C5%82owicz%20Zbigniew
Pawłowska Karolina,https://www.sejm.gov.pl/Sejm9.nsf/wypowiedzi.xsp?view=5&mowca=Paw%C5%82owska%20Karolina
Pawłowska Monika,https://www.sejm.gov.pl/Sejm9.nsf/wypowiedzi.xsp?view=5&mowca=Paw%C5%82owska%20Monika
Pępek Małgorzata,https://www.sejm.gov.pl/Sejm9.nsf/wypowiedzi.xsp?view=5&mowca=P%C4%99pek%20Ma%C5%82gorzata&page=1
Pępek Małgorzata,https://www.sejm.gov.pl/Sejm9.nsf/wypowiedzi.xsp?view=5&mowca=P%C4%99pek%20Ma%C5%82gorzata&page=2
Piątkowski Krzysztof,https://www.sejm.gov.pl/Sejm9.nsf/wypowiedzi.xsp?view=5&mowca=Pi%C4%85tkowski%20Krzysztof&page=1
Piątkowski Krzysztof,https://www.sejm.gov.pl/Sejm9.nsf/wypowiedzi.xsp?view=5&mowca=Pi%C4%85tkowski%20Krzysztof&page=2
Piecha Bolesław,https://www.sejm.gov.pl/Sejm9.nsf/wypowiedzi.xsp?view=5&mowca=Piecha%20Boles%C5%82aw
Piechota Sławomir Jan,https://www.sejm.gov.pl/Sejm9.nsf/wypowiedzi.xsp?view=5&mowca=Piechota%20S%C5%82awomir%20Jan
Piechowiak Grzegorz,https://www.sejm.gov.pl/Sejm9.nsf/wypowiedzi.xsp?view=5&mowca=Piechowiak%20Grzegorz
Piekarska Katarzyna Maria,https://www.sejm.gov.pl/Sejm9.nsf/wypowiedzi.xsp?view=5&mowca=Piekarska%20Katarzyna%20Maria
Pinkas Jarosław,https://www.sejm.gov.pl/Sejm9.nsf/wypowiedzi.xsp?view=5&mowca=Pinkas%20Jaros%C5%82aw
Piontkowski Dariusz,https://www.sejm.gov.pl/Sejm9.nsf/wypowiedzi.xsp?view=5&mowca=Piontkowski%20Dariusz
Plocke Kazimierz,https://www.sejm.gov.pl/Sejm9.nsf/wypowiedzi.xsp?view=5&mowca=Plocke%20Kazimierz
Płażyński Kacper,https://www.sejm.gov.pl/Sejm9.nsf/wypowiedzi.xsp?view=5&mowca=P%C5%82a%C5%BCy%C5%84ski%20Kacper
Płonka Elżbieta,https://www.sejm.gov.pl/Sejm9.nsf/wypowiedzi.xsp?view=5&mowca=P%C5%82onka%20El%C5%BCbieta
Polaczek Jerzy,https://www.sejm.gov.pl/Sejm9.nsf/wypowiedzi.xsp?view=5&mowca=Polaczek%20Jerzy&page=1
Polaczek Jerzy,https://www.sejm.gov.pl/Sejm9.nsf/wypowiedzi.xsp?view=5&mowca=Polaczek%20Jerzy&page=2
Polak Marek,https://www.sejm.gov.pl/Sejm9.nsf/wypowiedzi.xsp?view=5&mowca=Polak%20Marek&page=1
Polak Marek,https://www.sejm.gov.pl/Sejm9.nsf/wypowiedzi.xsp?view=5&mowca=Polak%20Marek&page=2
Polak Piotr,https://www.sejm.gov.pl/Sejm9.nsf/wypowiedzi.xsp?view=5&mowca=Polak%20Piotr
Pomaska Agnieszka,https://www.sejm.gov.pl/Sejm9.nsf/wypowiedzi.xsp?view=5&mowca=Pomaska%20Agnieszka
Poncyljusz Paweł,https://www.sejm.gov.pl/Sejm9.nsf/wypowiedzi.xsp?view=5&mowca=Poncyljusz%20Pawe%C5%82
Porowska Violetta,https://www.sejm.gov.pl/Sejm9.nsf/wypowiedzi.xsp?view=5&mowca=Porowska%20Violetta
Porzucek Marcin,https://www.sejm.gov.pl/Sejm9.nsf/wypowiedzi.xsp?view=5&mowca=Porzucek%20Marcin
Prokop-Paczkowska Małgorzata,https://www.sejm.gov.pl/Sejm9.nsf/wypowiedzi.xsp?view=5&mowca=Prokop-Paczkowska%20Ma%C5%82gorzata&page=1
Prokop-Paczkowska Małgorzata,https://www.sejm.gov.pl/Sejm9.nsf/wypowiedzi.xsp?view=5&mowca=Prokop-Paczkowska%20Ma%C5%82gorzata&page=2
Protas Jacek,https://www.sejm.gov.pl/Sejm9.nsf/wypowiedzi.xsp?view=5&mowca=Protas%20Jacek
Protasiewicz Jacek,https://www.sejm.gov.pl/Sejm9.nsf/wypowiedzi.xsp?view=5&mowca=Protasiewicz%20Jacek&page=1
Protasiewicz Jacek,https://www.sejm.gov.pl/Sejm9.nsf/wypowiedzi.xsp?view=5&mowca=Protasiewicz%20Jacek&page=2
Przydacz Marcin,https://www.sejm.gov.pl/Sejm9.nsf/wypowiedzi.xsp?view=5&mowca=Przydacz%20Marcin
Puda Grzegorz,https://www.sejm.gov.pl/Sejm9.nsf/wypowiedzi.xsp?view=5&mowca=Puda%20Grzegorz
Raś Ireneusz,https://www.sejm.gov.pl/Sejm9.nsf/wypowiedzi.xsp?view=5&mowca=Ra%C5%9B%20Ireneusz
Rau Zbigniew,https://www.sejm.gov.pl/Sejm9.nsf/wypowiedzi.xsp?view=5&mowca=Rau%20Zbigniew
Robaczyński Tomasz,https://www.sejm.gov.pl/Sejm9.nsf/wypowiedzi.xsp?view=5&mowca=Robaczy%C5%84ski%20Tomasz
Romanowski Marcin,https://www.sejm.gov.pl/Sejm9.nsf/wypowiedzi.xsp?view=5&mowca=Romanowski%20Marcin
Romanowski Rafał,https://www.sejm.gov.pl/Sejm9.nsf/wypowiedzi.xsp?view=5&mowca=Romanowski%20Rafa%C5%82
Rosa Monika,https://www.sejm.gov.pl/Sejm9.nsf/wypowiedzi.xsp?view=5&mowca=Rosa%20Monika&page=1
Rosa Monika,https://www.sejm.gov.pl/Sejm9.nsf/wypowiedzi.xsp?view=5&mowca=Rosa%20Monika&page=2
Rosati Dariusz,https://www.sejm.gov.pl/Sejm9.nsf/wypowiedzi.xsp?view=5&mowca=Rosati%20Dariusz&page=1
Rosati Dariusz,https://www.sejm.gov.pl/Sejm9.nsf/wypowiedzi.xsp?view=5&mowca=Rosati%20Dariusz&page=2
Rozenek Andrzej,https://www.sejm.gov.pl/Sejm9.nsf/wypowiedzi.xsp?view=5&mowca=Rozenek%20Andrzej
Rozkrut Dominik,https://www.sejm.gov.pl/Sejm9.nsf/wypowiedzi.xsp?view=5&mowca=Rozkrut%20Dominik
Rusecka Urszula,https://www.sejm.gov.pl/Sejm9.nsf/wypowiedzi.xsp?view=5&mowca=Rusecka%20Urszula&page=1
Rusecka Urszula,https://www.sejm.gov.pl/Sejm9.nsf/wypowiedzi.xsp?view=5&mowca=Rusecka%20Urszula&page=2
Rusiecki Grzegorz,https://www.sejm.gov.pl/Sejm9.nsf/wypowiedzi.xsp?view=5&mowca=Rusiecki%20Grzegorz
Rutka Marek,https://www.sejm.gov.pl/Sejm9.nsf/wypowiedzi.xsp?view=5&mowca=Rutka%20Marek&page=1
Rutka Marek,https://www.sejm.gov.pl/Sejm9.nsf/wypowiedzi.xsp?view=5&mowca=Rutka%20Marek&page=2
Rutka Marek,https://www.sejm.gov.pl/Sejm9.nsf/wypowiedzi.xsp?view=5&mowca=Rutka%20Marek&page=3
Rutnicki Jakub,https://www.sejm.gov.pl/Sejm9.nsf/wypowiedzi.xsp?view=5&mowca=Rutnicki%20Jakub&page=1
Rutnicki Jakub,https://www.sejm.gov.pl/Sejm9.nsf/wypowiedzi.xsp?view=5&mowca=Rutnicki%20Jakub&page=2
Rychlik Paweł,https://www.sejm.gov.pl/Sejm9.nsf/wypowiedzi.xsp?view=5&mowca=Rychlik%20Pawe%C5%82&page=1
Rychlik Paweł,https://www.sejm.gov.pl/Sejm9.nsf/wypowiedzi.xsp?view=5&mowca=Rychlik%20Pawe%C5%82&page=2
Rząsa Marek,https://www.sejm.gov.pl/Sejm9.nsf/wypowiedzi.xsp?view=5&mowca=Rz%C4%85sa%20Marek
Rzeczkowska Magdalena,https://www.sejm.gov.pl/Sejm9.nsf/wypowiedzi.xsp?view=5&mowca=Rzeczkowska%20Magdalena
Rzepa Jarosław,https://www.sejm.gov.pl/Sejm9.nsf/wypowiedzi.xsp?view=5&mowca=Rzepa%20Jaros%C5%82aw&page=1
Rzepa Jarosław,https://www.sejm.gov.pl/Sejm9.nsf/wypowiedzi.xsp?view=5&mowca=Rzepa%20Jaros%C5%82aw&page=2
Rzepa Jarosław,https://www.sejm.gov.pl/Sejm9.nsf/wypowiedzi.xsp?view=5&mowca=Rzepa%20Jaros%C5%82aw&page=3
Rzymkowski Tomasz,https://www.sejm.gov.pl/Sejm9.nsf/wypowiedzi.xsp?view=5&mowca=Rzymkowski%20Tomasz
Sachajko Jarosław,https://www.sejm.gov.pl/Sejm9.nsf/wypowiedzi.xsp?view=5&mowca=Sachajko%20Jaros%C5%82aw
Sak Piotr,https://www.sejm.gov.pl/Sejm9.nsf/wypowiedzi.xsp?view=5&mowca=Sak%20Piotr
Saługa Wojciech,https://www.sejm.gov.pl/Sejm9.nsf/wypowiedzi.xsp?view=5&mowca=Sa%C5%82uga%20Wojciech
Sarnowski Jan,https://www.sejm.gov.pl/Sejm9.nsf/wypowiedzi.xsp?view=5&mowca=Sarnowski%20Jan&page=1
Sarnowski Jan,https://www.sejm.gov.pl/Sejm9.nsf/wypowiedzi.xsp?view=5&mowca=Sarnowski%20Jan&page=2
Sasin Jacek,https://www.sejm.gov.pl/Sejm9.nsf/wypowiedzi.xsp?view=5&mowca=Sasin%20Jacek
Sawicki Marek,https://www.sejm.gov.pl/Sejm9.nsf/wypowiedzi.xsp?view=5&mowca=Sawicki%20Marek
Schetyna Grzegorz,https://www.sejm.gov.pl/Sejm9.nsf/wypowiedzi.xsp?view=5&mowca=Schetyna%20Grzegorz
Scheuring-Wielgus Joanna,https://www.sejm.gov.pl/Sejm9.nsf/wypowiedzi.xsp?view=5&mowca=Scheuring-Wielgus%20Joanna
Schmidt Anna,https://www.sejm.gov.pl/Sejm9.nsf/wypowiedzi.xsp?view=5&mowca=Schmidt%20Anna
Schreiber Łukasz,https://www.sejm.gov.pl/Sejm9.nsf/wypowiedzi.xsp?view=5&mowca=Schreiber%20%C5%81ukasz&page=1
Schreiber Łukasz,https://www.sejm.gov.pl/Sejm9.nsf/wypowiedzi.xsp?view=5&mowca=Schreiber%20%C5%81ukasz&page=2
Sekuła-Szmajdzińska Małgorzata,https://www.sejm.gov.pl/Sejm9.nsf/wypowiedzi.xsp?view=5&mowca=Seku%C5%82a-Szmajdzi%C5%84ska%20Ma%C5%82gorzata
Semeniuk Olga,https://www.sejm.gov.pl/Sejm9.nsf/wypowiedzi.xsp?view=5&mowca=Semeniuk%20Olga
Senyszyn Joanna,https://www.sejm.gov.pl/Sejm9.nsf/wypowiedzi.xsp?view=5&mowca=Senyszyn%20Joanna
Siarka Edward,https://www.sejm.gov.pl/Sejm9.nsf/wypowiedzi.xsp?view=5&mowca=Siarka%20Edward
Siarkowska Anna Maria,https://www.sejm.gov.pl/Sejm9.nsf/wypowiedzi.xsp?view=5&mowca=Siarkowska%20Anna%20Maria
Sibińska Krystyna,https://www.sejm.gov.pl/Sejm9.nsf/wypowiedzi.xsp?view=5&mowca=Sibi%C5%84ska%20Krystyna
Siekierski Czesław,https://www.sejm.gov.pl/Sejm9.nsf/wypowiedzi.xsp?view=5&mowca=Siekierski%20Czes%C5%82aw&page=1
Siekierski Czesław,https://www.sejm.gov.pl/Sejm9.nsf/wypowiedzi.xsp?view=5&mowca=Siekierski%20Czes%C5%82aw&page=2
Siemianowski Rafał,https://www.sejm.gov.pl/Sejm9.nsf/wypowiedzi.xsp?view=5&mowca=Siemianowski%20Rafa%C5%82
Sienkiewicz Bartłomiej,https://www.sejm.gov.pl/Sejm9.nsf/wypowiedzi.xsp?view=5&mowca=Sienkiewicz%20Bart%C5%82omiej
Sipiera Zdzisław,https://www.sejm.gov.pl/Sejm9.nsf/wypowiedzi.xsp?view=5&mowca=Sipiera%20Zdzis%C5%82aw&page=1
Sipiera Zdzisław,https://www.sejm.gov.pl/Sejm9.nsf/wypowiedzi.xsp?view=5&mowca=Sipiera%20Zdzis%C5%82aw&page=2
Skiba Leszek,https://www.sejm.gov.pl/Sejm9.nsf/wypowiedzi.xsp?view=5&mowca=Skiba%20Leszek
Skobel Tadeusz,https://www.sejm.gov.pl/Sejm9.nsf/wypowiedzi.xsp?view=5&mowca=Skobel%20Tadeusz
Skowrońska Krystyna,https://www.sejm.gov.pl/Sejm9.nsf/wypowiedzi.xsp?view=5&mowca=Skowro%C5%84ska%20Krystyna&page=1
Skowrońska Krystyna,https://www.sejm.gov.pl/Sejm9.nsf/wypowiedzi.xsp?view=5&mowca=Skowro%C5%84ska%20Krystyna&page=2
Skowrońska Krystyna,https://www.sejm.gov.pl/Sejm9.nsf/wypowiedzi.xsp?view=5&mowca=Skowro%C5%84ska%20Krystyna&page=3
Skurkiewicz Wojciech,https://www.sejm.gov.pl/Sejm9.nsf/wypowiedzi.xsp?view=5&mowca=Skurkiewicz%20Wojciech
Skuza Sebastian,https://www.sejm.gov.pl/Sejm9.nsf/wypowiedzi.xsp?view=5&mowca=Skuza%20Sebastian
Skwarek Sławomir,https://www.sejm.gov.pl/Sejm9.nsf/wypowiedzi.xsp?view=5&mowca=Skwarek%20S%C5%82awomir
Sługocki Waldemar,https://www.sejm.gov.pl/Sejm9.nsf/wypowiedzi.xsp?view=5&mowca=S%C5%82ugocki%20Waldemar
Smoliński Kazimierz,https://www.sejm.gov.pl/Sejm9.nsf/wypowiedzi.xsp?view=5&mowca=Smoli%C5%84ski%20Kazimierz
Sobolewski Krzysztof,https://www.sejm.gov.pl/Sejm9.nsf/wypowiedzi.xsp?view=5&mowca=Sobolewski%20Krzysztof
Soboń Artur,https://www.sejm.gov.pl/Sejm9.nsf/wypowiedzi.xsp?view=5&mowca=Sobo%C5%84%20Artur
Socha Barbara,https://www.sejm.gov.pl/Sejm9.nsf/wypowiedzi.xsp?view=5&mowca=Socha%20Barbara
Soin Agnieszka,https://www.sejm.gov.pl/Sejm9.nsf/wypowiedzi.xsp?view=5&mowca=Soin%20Agnieszka
Sonik Bogusław,https://www.sejm.gov.pl/Sejm9.nsf/wypowiedzi.xsp?view=5&mowca=Sonik%20Bogus%C5%82aw
Sośnierz Dobromir,https://www.sejm.gov.pl/Sejm9.nsf/wypowiedzi.xsp?view=5&mowca=So%C5%9Bnierz%20Dobromir&page=1
Sośnierz Dobromir,https://www.sejm.gov.pl/Sejm9.nsf/wypowiedzi.xsp?view=5&mowca=So%C5%9Bnierz%20Dobromir&page=2
Sośnierz Dobromir,https://www.sejm.gov.pl/Sejm9.nsf/wypowiedzi.xsp?view=5&mowca=So%C5%9Bnierz%20Dobromir&page=3
Sośnierz Dobromir,https://www.sejm.gov.pl/Sejm9.nsf/wypowiedzi.xsp?view=5&mowca=So%C5%9Bnierz%20Dobromir&page=4
Sowa Marek,https://www.sejm.gov.pl/Sejm9.nsf/wypowiedzi.xsp?view=5&mowca=Sowa%20Marek&page=1
Sowa Marek,https://www.sejm.gov.pl/Sejm9.nsf/wypowiedzi.xsp?view=5&mowca=Sowa%20Marek&page=2
Sowińska Anita,https://www.sejm.gov.pl/Sejm9.nsf/wypowiedzi.xsp?view=5&mowca=Sowi%C5%84ska%20Anita
Sójka Katarzyna,https://www.sejm.gov.pl/Sejm9.nsf/wypowiedzi.xsp?view=5&mowca=S%C3%B3jka%20Katarzyna
Sroka Magdalena,https://www.sejm.gov.pl/Sejm9.nsf/wypowiedzi.xsp?view=5&mowca=Sroka%20Magdalena
Stachowiak-Różecka Mirosława,https://www.sejm.gov.pl/Sejm9.nsf/wypowiedzi.xsp?view=5&mowca=Stachowiak-R%C3%B3%C5%BCecka%20Miros%C5%82awa
Staroń Lidia,https://www.sejm.gov.pl/Sejm9.nsf/wypowiedzi.xsp?view=5&mowca=Staro%C5%84%20Lidia
Stefaniuk Dariusz,https://www.sejm.gov.pl/Sejm9.nsf/wypowiedzi.xsp?view=5&mowca=Stefaniuk%20Dariusz
Sterczewski Franciszek,https://www.sejm.gov.pl/Sejm9.nsf/wypowiedzi.xsp?view=5&mowca=Sterczewski%20Franciszek&page=1
Sterczewski Franciszek,https://www.sejm.gov.pl/Sejm9.nsf/wypowiedzi.xsp?view=5&mowca=Sterczewski%20Franciszek&page=2
Strzałka Beata,https://www.sejm.gov.pl/Sejm9.nsf/wypowiedzi.xsp?view=5&mowca=Strza%C5%82ka%20Beata
Suchoń Mirosław,https://www.sejm.gov.pl/Sejm9.nsf/wypowiedzi.xsp?view=5&mowca=Sucho%C5%84%20Miros%C5%82aw&page=1
Suchoń Mirosław,https://www.sejm.gov.pl/Sejm9.nsf/wypowiedzi.xsp?view=5&mowca=Sucho%C5%84%20Miros%C5%82aw&page=2
Suchoń Mirosław,https://www.sejm.gov.pl/Sejm9.nsf/wypowiedzi.xsp?view=5&mowca=Sucho%C5%84%20Miros%C5%82aw&page=3
Suchoń Mirosław,https://www.sejm.gov.pl/Sejm9.nsf/wypowiedzi.xsp?view=5&mowca=Sucho%C5%84%20Miros%C5%82aw&page=4
Suchoń Mirosław,https://www.sejm.gov.pl/Sejm9.nsf/wypowiedzi.xsp?view=5&mowca=Sucho%C5%84%20Miros%C5%82aw&page=5
Suchoń Mirosław,https://www.sejm.gov.pl/Sejm9.nsf/wypowiedzi.xsp?view=5&mowca=Sucho%C5%84%20Miros%C5%82aw&page=6
Suchoń Mirosław,https://www.sejm.gov.pl/Sejm9.nsf/wypowiedzi.xsp?view=5&mowca=Sucho%C5%84%20Miros%C5%82aw&page=7
Surówka-Pasek Anna,https://www.sejm.gov.pl/Sejm9.nsf/wypowiedzi.xsp?view=5&mowca=Sur%C3%B3wka-Pasek%20Anna
Suski Marek,https://www.sejm.gov.pl/Sejm9.nsf/wypowiedzi.xsp?view=5&mowca=Suski%20Marek
Szajner Jarosław,https://www.sejm.gov.pl/Sejm9.nsf/wypowiedzi.xsp?view=5&mowca=Szajner%20Jaros%C5%82aw
Szałabawka Artur,https://www.sejm.gov.pl/Sejm9.nsf/wypowiedzi.xsp?view=5&mowca=Sza%C5%82abawka%20Artur
Szarama Wojciech,https://www.sejm.gov.pl/Sejm9.nsf/wypowiedzi.xsp?view=5&mowca=Szarama%20Wojciech
Szczepański Wiesław,https://www.sejm.gov.pl/Sejm9.nsf/wypowiedzi.xsp?view=5&mowca=Szczepa%C5%84ski%20Wies%C5%82aw&page=1
Szczepański Wiesław,https://www.sejm.gov.pl/Sejm9.nsf/wypowiedzi.xsp?view=5&mowca=Szczepa%C5%84ski%20Wies%C5%82aw&page=2
Szczerba Michał,https://www.sejm.gov.pl/Sejm9.nsf/wypowiedzi.xsp?view=5&mowca=Szczerba%20Micha%C5%82&page=1
Szczerba Michał,https://www.sejm.gov.pl/Sejm9.nsf/wypowiedzi.xsp?view=5&mowca=Szczerba%20Micha%C5%82&page=2
Szczerba Michał,https://www.sejm.gov.pl/Sejm9.nsf/wypowiedzi.xsp?view=5&mowca=Szczerba%20Micha%C5%82&page=3
Szczerba Michał,https://www.sejm.gov.pl/Sejm9.nsf/wypowiedzi.xsp?view=5&mowca=Szczerba%20Micha%C5%82&page=4
Szczerba Michał,https://www.sejm.gov.pl/Sejm9.nsf/wypowiedzi.xsp?view=5&mowca=Szczerba%20Micha%C5%82&page=5
Szczucki Krzysztof,https://www.sejm.gov.pl/Sejm9.nsf/wypowiedzi.xsp?view=5&mowca=Szczucki%20Krzysztof
Szczudło Aleksandra,https://www.sejm.gov.pl/Sejm9.nsf/wypowiedzi.xsp?view=5&mowca=Szczud%C5%82o%20Aleksandra
Szczurek-Żelazko Józefa,https://www.sejm.gov.pl/Sejm9.nsf/wypowiedzi.xsp?view=5&mowca=Szczurek-%C5%BBelazko%20J%C3%B3zefa&page=1
Szczurek-Żelazko Józefa,https://www.sejm.gov.pl/Sejm9.nsf/wypowiedzi.xsp?view=5&mowca=Szczurek-%C5%BBelazko%20J%C3%B3zefa&page=2
Szefernaker Paweł,https://www.sejm.gov.pl/Sejm9.nsf/wypowiedzi.xsp?view=5&mowca=Szefernaker%20Pawe%C5%82
Szejna Andrzej,https://www.sejm.gov.pl/Sejm9.nsf/wypowiedzi.xsp?view=5&mowca=Szejna%20Andrzej&page=1
Szejna Andrzej,https://www.sejm.gov.pl/Sejm9.nsf/wypowiedzi.xsp?view=5&mowca=Szejna%20Andrzej&page=2
Szewiński Andrzej,https://www.sejm.gov.pl/Sejm9.nsf/wypowiedzi.xsp?view=5&mowca=Szewi%C5%84ski%20Andrzej
Szlachta Andrzej,https://www.sejm.gov.pl/Sejm9.nsf/wypowiedzi.xsp?view=5&mowca=Szlachta%20Andrzej&page=1
Szlachta Andrzej,https://www.sejm.gov.pl/Sejm9.nsf/wypowiedzi.xsp?view=5&mowca=Szlachta%20Andrzej&page=2
Szłapka Adam,https://www.sejm.gov.pl/Sejm9.nsf/wypowiedzi.xsp?view=5&mowca=Sz%C5%82apka%20Adam&page=1
Szłapka Adam,https://www.sejm.gov.pl/Sejm9.nsf/wypowiedzi.xsp?view=5&mowca=Sz%C5%82apka%20Adam&page=2
Szopiński Jan,https://www.sejm.gov.pl/Sejm9.nsf/wypowiedzi.xsp?view=5&mowca=Szopi%C5%84ski%20Jan&page=1
Szopiński Jan,https://www.sejm.gov.pl/Sejm9.nsf/wypowiedzi.xsp?view=5&mowca=Szopi%C5%84ski%20Jan&page=2
Szopiński Jan,https://www.sejm.gov.pl/Sejm9.nsf/wypowiedzi.xsp?view=5&mowca=Szopi%C5%84ski%20Jan&page=3
Szopiński Jan,https://www.sejm.gov.pl/Sejm9.nsf/wypowiedzi.xsp?view=5&mowca=Szopi%C5%84ski%20Jan&page=4
Szopiński Jan,https://www.sejm.gov.pl/Sejm9.nsf/wypowiedzi.xsp?view=5&mowca=Szopi%C5%84ski%20Jan&page=5
Szramka Paweł,https://www.sejm.gov.pl/Sejm9.nsf/wypowiedzi.xsp?view=5&mowca=Szramka%20Pawe%C5%82
Szrot Paweł,https://www.sejm.gov.pl/Sejm9.nsf/wypowiedzi.xsp?view=5&mowca=Szrot%20Pawe%C5%82
Szulowski Krzysztof,https://www.sejm.gov.pl/Sejm9.nsf/wypowiedzi.xsp?view=5&mowca=Szulowski%20Krzysztof
Szumilas Krystyna,https://www.sejm.gov.pl/Sejm9.nsf/wypowiedzi.xsp?view=5&mowca=Szumilas%20Krystyna
Szumowski Łukasz,https://www.sejm.gov.pl/Sejm9.nsf/wypowiedzi.xsp?view=5&mowca=Szumowski%20%C5%81ukasz
Szwed Stanisław,https://www.sejm.gov.pl/Sejm9.nsf/wypowiedzi.xsp?view=5&mowca=Szwed%20Stanis%C5%82aw&page=1
Szwed Stanisław,https://www.sejm.gov.pl/Sejm9.nsf/wypowiedzi.xsp?view=5&mowca=Szwed%20Stanis%C5%82aw&page=2
Szymańska Ewa,https://www.sejm.gov.pl/Sejm9.nsf/wypowiedzi.xsp?view=5&mowca=Szyma%C5%84ska%20Ewa
Szymański Konrad,https://www.sejm.gov.pl/Sejm9.nsf/wypowiedzi.xsp?view=5&mowca=Szyma%C5%84ski%20Konrad
Szymański Tomasz,https://www.sejm.gov.pl/Sejm9.nsf/wypowiedzi.xsp?view=5&mowca=Szyma%C5%84ski%20Tomasz
Szynkowski vel Sęk Szymon,https://www.sejm.gov.pl/Sejm9.nsf/wypowiedzi.xsp?view=5&mowca=Szynkowski%20vel%20S%C4%99k%20Szymon
Ścigaj Agnieszka,https://www.sejm.gov.pl/Sejm9.nsf/wypowiedzi.xsp?view=5&mowca=%C5%9Acigaj%20Agnieszka
Śledzińska-Katarasińska Iwona,https://www.sejm.gov.pl/Sejm9.nsf/wypowiedzi.xsp?view=5&mowca=%C5%9Aledzi%C5%84ska-Katarasi%C5%84ska%20Iwona
Śliwka Andrzej,https://www.sejm.gov.pl/Sejm9.nsf/wypowiedzi.xsp?view=5&mowca=%C5%9Aliwka%20Andrzej
Śmiszek Krzysztof,https://www.sejm.gov.pl/Sejm9.nsf/wypowiedzi.xsp?view=5&mowca=%C5%9Amiszek%20Krzysztof&page=1
Śmiszek Krzysztof,https://www.sejm.gov.pl/Sejm9.nsf/wypowiedzi.xsp?view=5&mowca=%C5%9Amiszek%20Krzysztof&page=2
Śniadek Janusz,https://www.sejm.gov.pl/Sejm9.nsf/wypowiedzi.xsp?view=5&mowca=%C5%9Aniadek%20Janusz
Śnieżek Adam,https://www.sejm.gov.pl/Sejm9.nsf/wypowiedzi.xsp?view=5&mowca=%C5%9Anie%C5%BCek%20Adam
Świat Jacek,https://www.sejm.gov.pl/Sejm9.nsf/wypowiedzi.xsp?view=5&mowca=%C5%9Awiat%20Jacek
Święczkowski Bogdan,https://www.sejm.gov.pl/Sejm9.nsf/wypowiedzi.xsp?view=5&mowca=%C5%9Awi%C4%99czkowski%20Bogdan
Tarczyński Dominik,https://www.sejm.gov.pl/Sejm9.nsf/wypowiedzi.xsp?view=5&mowca=Tarczy%C5%84ski%20Dominik
Tchórzewski Krzysztof,https://www.sejm.gov.pl/Sejm9.nsf/wypowiedzi.xsp?view=5&mowca=Tch%C3%B3rzewski%20Krzysztof&page=1
Tchórzewski Krzysztof,https://www.sejm.gov.pl/Sejm9.nsf/wypowiedzi.xsp?view=5&mowca=Tch%C3%B3rzewski%20Krzysztof&page=2
Telus Robert,https://www.sejm.gov.pl/Sejm9.nsf/wypowiedzi.xsp?view=5&mowca=Telus%20Robert
Terlecki Ryszard,https://www.sejm.gov.pl/Sejm9.nsf/wypowiedzi.xsp?view=5&mowca=Terlecki%20Ryszard
Tomanek Robert,https://www.sejm.gov.pl/Sejm9.nsf/wypowiedzi.xsp?view=5&mowca=Tomanek%20Robert
Tomaszewski Tadeusz,https://www.sejm.gov.pl/Sejm9.nsf/wypowiedzi.xsp?view=5&mowca=Tomaszewski%20Tadeusz&page=1
Tomaszewski Tadeusz,https://www.sejm.gov.pl/Sejm9.nsf/wypowiedzi.xsp?view=5&mowca=Tomaszewski%20Tadeusz&page=2
Tomaszewski Tadeusz,https://www.sejm.gov.pl/Sejm9.nsf/wypowiedzi.xsp?view=5&mowca=Tomaszewski%20Tadeusz&page=3
Tomaszewski Tadeusz,https://www.sejm.gov.pl/Sejm9.nsf/wypowiedzi.xsp?view=5&mowca=Tomaszewski%20Tadeusz&page=4
Tomaszewski Włodzimierz,https://www.sejm.gov.pl/Sejm9.nsf/wypowiedzi.xsp?view=5&mowca=Tomaszewski%20W%C5%82odzimierz
Tomczak Jacek,https://www.sejm.gov.pl/Sejm9.nsf/wypowiedzi.xsp?view=5&mowca=Tomczak%20Jacek
Tomczyk Cezary,https://www.sejm.gov.pl/Sejm9.nsf/wypowiedzi.xsp?view=5&mowca=Tomczyk%20Cezary
Tracz Małgorzata,https://www.sejm.gov.pl/Sejm9.nsf/wypowiedzi.xsp?view=5&mowca=Tracz%20Ma%C5%82gorzata&page=1
Tracz Małgorzata,https://www.sejm.gov.pl/Sejm9.nsf/wypowiedzi.xsp?view=5&mowca=Tracz%20Ma%C5%82gorzata&page=2
Trela Tomasz,https://www.sejm.gov.pl/Sejm9.nsf/wypowiedzi.xsp?view=5&mowca=Trela%20Tomasz
Trepka Mariusz,https://www.sejm.gov.pl/Sejm9.nsf/wypowiedzi.xsp?view=5&mowca=Trepka%20Mariusz
Truskolaski Krzysztof,https://www.sejm.gov.pl/Sejm9.nsf/wypowiedzi.xsp?view=5&mowca=Truskolaski%20Krzysztof
Tuduj Krzysztof,https://www.sejm.gov.pl/Sejm9.nsf/wypowiedzi.xsp?view=5&mowca=Tuduj%20Krzysztof
Tułajew Sylwester,https://www.sejm.gov.pl/Sejm9.nsf/wypowiedzi.xsp?view=5&mowca=Tu%C5%82ajew%20Sylwester
Tyszka Stanisław,https://www.sejm.gov.pl/Sejm9.nsf/wypowiedzi.xsp?view=5&mowca=Tyszka%20Stanis%C5%82aw
Tyszkiewicz Robert,https://www.sejm.gov.pl/Sejm9.nsf/wypowiedzi.xsp?view=5&mowca=Tyszkiewicz%20Robert
Ueberhan Katarzyna,https://www.sejm.gov.pl/Sejm9.nsf/wypowiedzi.xsp?view=5&mowca=Ueberhan%20Katarzyna&page=1
Ueberhan Katarzyna,https://www.sejm.gov.pl/Sejm9.nsf/wypowiedzi.xsp?view=5&mowca=Ueberhan%20Katarzyna&page=2
Urbaniak Jarosław,https://www.sejm.gov.pl/Sejm9.nsf/wypowiedzi.xsp?view=5&mowca=Urbaniak%20Jaros%C5%82aw&page=1
Urbaniak Jarosław,https://www.sejm.gov.pl/Sejm9.nsf/wypowiedzi.xsp?view=5&mowca=Urbaniak%20Jaros%C5%82aw&page=2
Urbaniak Michał,https://www.sejm.gov.pl/Sejm9.nsf/wypowiedzi.xsp?view=5&mowca=Urbaniak%20Micha%C5%82&page=1
Urbaniak Michał,https://www.sejm.gov.pl/Sejm9.nsf/wypowiedzi.xsp?view=5&mowca=Urbaniak%20Micha%C5%82&page=2
Urbaniak Michał,https://www.sejm.gov.pl/Sejm9.nsf/wypowiedzi.xsp?view=5&mowca=Urbaniak%20Micha%C5%82&page=3
Uruski Piotr,https://www.sejm.gov.pl/Sejm9.nsf/wypowiedzi.xsp?view=5&mowca=Uruski%20Piotr
Uściński Piotr,https://www.sejm.gov.pl/Sejm9.nsf/wypowiedzi.xsp?view=5&mowca=U%C5%9Bci%C5%84ski%20Piotr
Warchoł Marcin,https://www.sejm.gov.pl/Sejm9.nsf/wypowiedzi.xsp?view=5&mowca=Warcho%C5%82%20Marcin
Wargocka Teresa,https://www.sejm.gov.pl/Sejm9.nsf/wypowiedzi.xsp?view=5&mowca=Wargocka%20Teresa&page=1
Wargocka Teresa,https://www.sejm.gov.pl/Sejm9.nsf/wypowiedzi.xsp?view=5&mowca=Wargocka%20Teresa&page=2
Warwas Robert,https://www.sejm.gov.pl/Sejm9.nsf/wypowiedzi.xsp?view=5&mowca=Warwas%20Robert
Warzecha Jan,https://www.sejm.gov.pl/Sejm9.nsf/wypowiedzi.xsp?view=5&mowca=Warzecha%20Jan
Wasilewska Anna,https://www.sejm.gov.pl/Sejm9.nsf/wypowiedzi.xsp?view=5&mowca=Wasilewska%20Anna
Wawrzyk Piotr,https://www.sejm.gov.pl/Sejm9.nsf/wypowiedzi.xsp?view=5&mowca=Wawrzyk%20Piotr
Wąsik Maciej,https://www.sejm.gov.pl/Sejm9.nsf/wypowiedzi.xsp?view=5&mowca=W%C4%85sik%20Maciej
Wcisło Marta,https://www.sejm.gov.pl/Sejm9.nsf/wypowiedzi.xsp?view=5&mowca=Wcis%C5%82o%20Marta&page=1
Wcisło Marta,https://www.sejm.gov.pl/Sejm9.nsf/wypowiedzi.xsp?view=5&mowca=Wcis%C5%82o%20Marta&page=2
Wcisło Marta,https://www.sejm.gov.pl/Sejm9.nsf/wypowiedzi.xsp?view=5&mowca=Wcis%C5%82o%20Marta&page=3
Wdówik Paweł,https://www.sejm.gov.pl/Sejm9.nsf/wypowiedzi.xsp?view=5&mowca=Wd%C3%B3wik%20Pawe%C5%82
Weber Rafał,https://www.sejm.gov.pl/Sejm9.nsf/wypowiedzi.xsp?view=5&mowca=Weber%20Rafa%C5%82&page=1
Weber Rafał,https://www.sejm.gov.pl/Sejm9.nsf/wypowiedzi.xsp?view=5&mowca=Weber%20Rafa%C5%82&page=2
Wesoły Marek,https://www.sejm.gov.pl/Sejm9.nsf/wypowiedzi.xsp?view=5&mowca=Weso%C5%82y%20Marek
Wicher Patryk,https://www.sejm.gov.pl/Sejm9.nsf/wypowiedzi.xsp?view=5&mowca=Wicher%20Patryk
Wieczorek Dariusz,https://www.sejm.gov.pl/Sejm9.nsf/wypowiedzi.xsp?view=5&mowca=Wieczorek%20Dariusz&page=1
Wieczorek Dariusz,https://www.sejm.gov.pl/Sejm9.nsf/wypowiedzi.xsp?view=5&mowca=Wieczorek%20Dariusz&page=2
Wieczorek Dariusz,https://www.sejm.gov.pl/Sejm9.nsf/wypowiedzi.xsp?view=5&mowca=Wieczorek%20Dariusz&page=3
Wieczorek Dariusz,https://www.sejm.gov.pl/Sejm9.nsf/wypowiedzi.xsp?view=5&mowca=Wieczorek%20Dariusz&page=4
Wielichowska Monika,https://www.sejm.gov.pl/Sejm9.nsf/wypowiedzi.xsp?view=5&mowca=Wielichowska%20Monika
Wilczyński Ryszard,https://www.sejm.gov.pl/Sejm9.nsf/wypowiedzi.xsp?view=5&mowca=Wilczy%C5%84ski%20Ryszard&page=1
Wilczyński Ryszard,https://www.sejm.gov.pl/Sejm9.nsf/wypowiedzi.xsp?view=5&mowca=Wilczy%C5%84ski%20Ryszard&page=2
Winnicki Robert,https://www.sejm.gov.pl/Sejm9.nsf/wypowiedzi.xsp?view=5&mowca=Winnicki%20Robert&page=1
Winnicki Robert,https://www.sejm.gov.pl/Sejm9.nsf/wypowiedzi.xsp?view=5&mowca=Winnicki%20Robert&page=2
Winnicki Robert,https://www.sejm.gov.pl/Sejm9.nsf/wypowiedzi.xsp?view=5&mowca=Winnicki%20Robert&page=3
Winnicki Robert,https://www.sejm.gov.pl/Sejm9.nsf/wypowiedzi.xsp?view=5&mowca=Winnicki%20Robert&page=4
Witczak Mariusz,https://www.sejm.gov.pl/Sejm9.nsf/wypowiedzi.xsp?view=5&mowca=Witczak%20Mariusz
Wojciechowski Grzegorz,https://www.sejm.gov.pl/Sejm9.nsf/wypowiedzi.xsp?view=5&mowca=Wojciechowski%20Grzegorz
Wojtyszek Agata Katarzyna,https://www.sejm.gov.pl/Sejm9.nsf/wypowiedzi.xsp?view=5&mowca=Wojtyszek%20Agata%20Katarzyna
Wolski Zdzisław,https://www.sejm.gov.pl/Sejm9.nsf/wypowiedzi.xsp?view=5&mowca=Wolski%20Zdzis%C5%82aw&page=1
Wolski Zdzisław,https://www.sejm.gov.pl/Sejm9.nsf/wypowiedzi.xsp?view=5&mowca=Wolski%20Zdzis%C5%82aw&page=2
Wontor Bogusław,https://www.sejm.gov.pl/Sejm9.nsf/wypowiedzi.xsp?view=5&mowca=Wontor%20Bogus%C5%82aw
Woś Michał,https://www.sejm.gov.pl/Sejm9.nsf/wypowiedzi.xsp?view=5&mowca=Wo%C5%9B%20Micha%C5%82
Woźniak Tadeusz,https://www.sejm.gov.pl/Sejm9.nsf/wypowiedzi.xsp?view=5&mowca=Wo%C5%BAniak%20Tadeusz
Wójcik Michał,https://www.sejm.gov.pl/Sejm9.nsf/wypowiedzi.xsp?view=5&mowca=W%C3%B3jcik%20Micha%C5%82
Wróblewski Bartłomiej,https://www.sejm.gov.pl/Sejm9.nsf/wypowiedzi.xsp?view=5&mowca=Wr%C3%B3blewski%20Bart%C5%82omiej
Wypij Michał,https://www.sejm.gov.pl/Sejm9.nsf/wypowiedzi.xsp?view=5&mowca=Wypij%20Micha%C5%82
Zagórski Marek,https://www.sejm.gov.pl/Sejm9.nsf/wypowiedzi.xsp?view=5&mowca=Zag%C3%B3rski%20Marek
Zalewski Paweł,https://www.sejm.gov.pl/Sejm9.nsf/wypowiedzi.xsp?view=5&mowca=Zalewski%20Pawe%C5%82
Zandberg Adrian,https://www.sejm.gov.pl/Sejm9.nsf/wypowiedzi.xsp?view=5&mowca=Zandberg%20Adrian
Zawisza Marcelina,https://www.sejm.gov.pl/Sejm9.nsf/wypowiedzi.xsp?view=5&mowca=Zawisza%20Marcelina
Zawiślak Sławomir,https://www.sejm.gov.pl/Sejm9.nsf/wypowiedzi.xsp?view=5&mowca=Zawi%C5%9Blak%20S%C5%82awomir
Zembaczyński Witold,https://www.sejm.gov.pl/Sejm9.nsf/wypowiedzi.xsp?view=5&mowca=Zembaczy%C5%84ski%20Witold
Zgorzelski Piotr,https://www.sejm.gov.pl/Sejm9.nsf/wypowiedzi.xsp?view=5&mowca=Zgorzelski%20Piotr
Ziejewski Zbigniew,https://www.sejm.gov.pl/Sejm9.nsf/wypowiedzi.xsp?view=5&mowca=Ziejewski%20Zbigniew
Zieleniecki Marcin,https://www.sejm.gov.pl/Sejm9.nsf/wypowiedzi.xsp?view=5&mowca=Zieleniecki%20Marcin
Zielińska Urszula,https://www.sejm.gov.pl/Sejm9.nsf/wypowiedzi.xsp?view=5&mowca=Zieli%C5%84ska%20Urszula&page=1
Zielińska Urszula,https://www.sejm.gov.pl/Sejm9.nsf/wypowiedzi.xsp?view=5&mowca=Zieli%C5%84ska%20Urszula&page=2
Zieliński Jarosław,https://www.sejm.gov.pl/Sejm9.nsf/wypowiedzi.xsp?view=5&mowca=Zieli%C5%84ski%20Jaros%C5%82aw
Zieliński Tomasz,https://www.sejm.gov.pl/Sejm9.nsf/wypowiedzi.xsp?view=5&mowca=Zieli%C5%84ski%20Tomasz
Zientarski Piotr Benedykt,https://www.sejm.gov.pl/Sejm9.nsf/wypowiedzi.xsp?view=5&mowca=Zientarski%20Piotr%20Benedykt
Zimoch Tomasz,https://www.sejm.gov.pl/Sejm9.nsf/wypowiedzi.xsp?view=5&mowca=Zimoch%20Tomasz
Ziobro Zbigniew,https://www.sejm.gov.pl/Sejm9.nsf/wypowiedzi.xsp?view=5&mowca=Ziobro%20Zbigniew
Zubowski Wojciech,https://www.sejm.gov.pl/Sejm9.nsf/wypowiedzi.xsp?view=5&mowca=Zubowski%20Wojciech
Zwiefka Tadeusz,https://www.sejm.gov.pl/Sejm9.nsf/wypowiedzi.xsp?view=5&mowca=Zwiefka%20Tadeusz
Zwinogrodzka Wanda,https://www.sejm.gov.pl/Sejm9.nsf/wypowiedzi.xsp?view=5&mowca=Zwinogrodzka%20Wanda
Zyska Ireneusz,https://www.sejm.gov.pl/Sejm9.nsf/wypowiedzi.xsp?view=5&mowca=Zyska%20Ireneusz
Żalek Jacek,https://www.sejm.gov.pl/Sejm9.nsf/wypowiedzi.xsp?view=5&mowca=%C5%BBalek%20Jacek
Żelazowska Bożena,https://www.sejm.gov.pl/Sejm9.nsf/wypowiedzi.xsp?view=5&mowca=%C5%BBelazowska%20Bo%C5%BCena&page=1
Żelazowska Bożena,https://www.sejm.gov.pl/Sejm9.nsf/wypowiedzi.xsp?view=5&mowca=%C5%BBelazowska%20Bo%C5%BCena&page=2
Żuk Stanisław,https://www.sejm.gov.pl/Sejm9.nsf/wypowiedzi.xsp?view=5&mowca=%C5%BBuk%20Stanis%C5%82aw
Żukowska Anna Maria,https://www.sejm.gov.pl/Sejm9.nsf/wypowiedzi.xsp?view=5&mowca=%C5%BBukowska%20Anna%20Maria
